pl_name,hostname,sy_dist,pl_rade,pl_bmasse,pl_orbper,pl_eqt,st_spectype,st_teff,st_mass,disc_year
"HD 168746 b","HD 168746",41.56810000,11.10000000,85.81410000,6.40400000000,900.00,"G5",5570.00,1.070000,2002
"HD 205739 b","HD 205739",92.50870000,13.60000000,435.41000000,279.80000000000,,"F7 V",6176.00,1.220000,2008
"HD 224693 b","HD 224693",93.50150000,14.00000000,222.48100000,26.69040000000,,"G2 V",5894.00,1.310000,2006
"HD 156279 b","HD 156279",36.19450000,12.50000000,2997.75753482,133.40355000000,,"G6",5453.00,0.940000,2011
"HD 12661 b","HD 12661",37.84780000,13.30000000,772.32690000,262.70862000000,,"K0",5645.00,1.200000,2000
"HD 16417 b","HD 16417",25.39360000,5.00000000,22.10000000,17.24000000000,,"G1 V",5841.00,1.200000,2008
"HD 19994 b","HD 19994",22.52420000,13.60000000,435.41000000,466.20000000000,,"F8 V",6188.00,1.365000,2003
"HD 156279 c","HD 156279",36.19450000,12.50000000,3098.82696825,4818.25358000000,,"G6",5453.00,0.940000,2018
"GJ 179 b","GJ 179",12.35600000,13.80000000,301.93698665,2288.00000000000,,"M3.5 V",3370.00,0.357000,2009
"GJ 832 b","GJ 832",4.96435000,13.80000000,314.65012293,3853.00000000000,,"M2/3 V",3472.00,0.450000,2008
"HD 37605 b","HD 37605",46.78640000,13.20000000,854.96270000,55.01292000000,,"K0",5329.00,0.940000,2004
"HD 33283 b","HD 33283",89.86230000,12.50000000,104.56607000,18.19910000000,,"G3/G5 V",5935.00,1.380000,2006
"HD 9446 b","HD 9446",50.35030000,14.00000000,222.47200000,30.05200000000,,"G5 V",5793.00,1.000000,2009
"HD 134987 c","HD 134987",26.18040000,13.90000000,260.00000000,5000.00000000000,,"G5 V",5585.00,1.100000,2009
"HD 79498 b","HD 79498",48.94890000,13.60000000,425.89220000,1807.00000000000,,"G5",5748.00,1.080000,2011
"HD 45652 b","HD 45652",34.85410000,14.30000000,137.62039000,44.07300000000,,"G8/K0",5294.00,0.920000,2008
"HIP 79431 b","HIP 79431",14.53240000,13.40000000,667.41500000,111.70000000000,,"M3 V",3191.00,0.490000,2009
"HD 3167 b","HD 3167",47.28990000,1.67000000,4.97000000,0.95964100000,1774.00,"K0 V",5261.00,0.837000,2016
"GJ 876 b","GJ 876",4.67517000,13.30000000,723.22350000,61.11660000000,,"M2.5V",3293.74,0.320000,1998
"HD 114783 c","HD 114783",21.06280000,13.40000000,603.87397330,4352.00000000000,,"K1 V",5135.00,0.900000,2018
"HD 47186 c","HD 47186",37.45740000,13.00000000,111.42000000,1353.60000000000,,"G6 V",5657.00,0.960000,2008
"HD 114783 b","HD 114783",21.06280000,13.70000000,349.60000000,493.70000000000,,"K0",5135.00,0.853000,2001
"HD 148156 b","HD 148156",57.12890000,13.90000000,270.14400000,1027.00000000000,,"G0/2 V",6308.00,1.220000,2009
"HD 12661 c","HD 12661",37.84780000,13.20000000,899.45439181,1708.00000000000,,"K0",5748.00,1.020000,2002
"HIP 14810 c","HIP 14810",50.48000000,13.60000000,416.35730000,147.74700000000,,"G5",5544.00,1.010000,2006
"HIP 14810 b","HIP 14810",50.48000000,13.00000000,1239.53700000,6.67389200000,,"G5",5544.00,1.010000,2005
"GJ 876 d","GJ 876",4.67517000,2.51000000,6.83000000,1.93778000000,,"M2.5V",3293.74,0.320000,2005
"GJ 876 e","GJ 876",4.67517000,3.92000000,14.60000000,124.26000000000,,"M2.5V",3293.74,0.320000,2010
"gam1 Leo b","gam1 Leo",39.88830000,12.50000000,2790.43000000,428.50000000000,,"K1 IIIb Fe-0.5",4330.00,1.230000,2009
"HD 156411 b","HD 156411",56.86550000,14.00000000,235.18000000,842.20000000000,,"F8 IV/V",5900.00,1.250000,2009
"HD 8535 b","HD 8535",55.44010000,14.00000000,216.12440000,1313.00000000000,,"G0 V",6136.00,1.130000,2010
"HD 37605 c","HD 37605",46.78640000,13.10000000,1013.87770000,2720.00000000000,,"K0",5329.00,0.940000,2012
"HD 1605 c","HD 1605",88.80470000,13.00000000,1150.54460000,2149.00000000000,,"K1 IV",4915.00,1.330000,2015
"HD 55696 b","HD 55696",77.96930000,12.90000000,1357.12729789,1827.00000000000,,"G0 V",6012.00,1.290000,2018
"HD 148164 b","HD 148164",77.19710000,13.70000000,390.93090000,328.55000000000,,"F8",6032.00,1.210000,2018
"24 Sex c","24 Sex",72.06910000,13.90000000,273.32000000,883.00000000000,,"K0 IV",5098.00,1.540000,2010
"HD 22781 b","HD 22781",32.60340000,12.30000000,4338.20000000,528.07000000000,,"K1",5027.00,0.750000,2011
"HD 68988 b","HD 68988",60.84470000,13.40000000,626.12510000,6.27711000000,,"G2 V",5932.00,1.280000,2001
"HD 148164 c","HD 148164",77.19710000,12.80000000,1640.00280000,5062.00000000000,,"F8",6032.00,1.210000,2018
"HD 29985 b","HD 29985",31.27070000,12.80000000,1739.47487151,20608.14049000000,,,4678.00,0.750000,2022
"HD 3167 c","HD 3167",47.28990000,3.00000000,11.13000000,29.84540000000,564.00,"K0 V",5261.00,0.837000,2016
"HD 90156 b","HD 90156",21.94960000,4.43000000,17.98000000,49.77000000000,,"G5V",5599.00,0.840000,2009
"HD 45350 b","HD 45350",46.87330000,13.50000000,568.89000000,963.60000000000,,"G5 V",5566.00,0.980000,2004
"HD 177830 c","HD 177830",62.76740000,7.87000000,47.67250000,110.90000000000,,"K0",4949.00,1.470000,2010
"HD 107148 b","HD 107148",49.41560000,9.60000000,66.74100000,48.05600000000,,"G5 V",5797.00,1.120000,2005
"HN Peg b","HN Peg",18.11860000,11.77680000,6991.57000000,,,"G0 V",6186.00,1.080000,2006
"GJ 674 b","GJ 674",4.54896000,3.33000000,11.09000000,4.69380000000,,"M2.5",3600.00,0.350000,2007
"GJ 3634 b","GJ 3634",20.37790000,2.83000000,8.40000000,2.64561000000,,"M2.5",3517.00,0.450000,2010
"HD 27442 b","HD 27442",18.27040000,13.50000000,495.80000000,428.10000000000,,"K1/2III",4846.00,1.230000,2000
"GJ 3021 b","GJ 3021",17.55590000,13.10000000,1071.04000000,133.71000000000,350.00,"G6 V",5540.00,0.900000,2000
"HD 46375 b","HD 46375",29.55290000,10.00000000,71.80000000,3.02357300000,,"K1 IV-V",5285.00,0.920000,2000
"HD 136352 d","HD 136352",14.68200000,2.56200000,8.82000000,107.24500000000,431.00,"G4 V",5664.00,0.870000,2019
"HD 221287 b","HD 221287",55.92310000,13.10000000,982.05000000,456.10000000000,,"F7 V",6304.00,1.250000,2007
"HD 33564 b","HD 33564",20.95310000,12.50000000,2892.10000000,388.00000000000,,"F6 V",6250.00,1.250000,2005
"HD 189733 b","HD 189733",19.76380000,12.66617000,359.14790000,2.21857567000,1209.00,"K2 V",5052.00,0.790000,2005
"HD 129445 b","HD 129445",67.43860000,13.30000000,797.74930157,1840.00000000000,,"G6 V",5646.00,0.990000,2009
"HD 70573 b","HD 70573",59.18200000,12.80000000,1900.00000000,851.80000000000,,"G1-1.5 V",5737.00,1.000000,2007
"HD 102365 b","HD 102365",9.28940000,4.14000000,16.00000000,122.10000000000,,"G3/5V",5630.00,0.850000,2010
"HD 24040 b","HD 24040",46.62240000,12.90000000,1589.14203500,3668.00000000000,,"G0 V",5802.00,1.110000,2006
"HD 11964 c","HD 11964",33.53690000,5.38000000,25.00000000,37.91000000000,,"G9 V CN+1",5303.00,0.910000,2008
"HD 108236 f","HD 108236",64.59780000,2.01700000,4.72000000,29.54115000000,,"G3 V",5660.00,0.869000,2021
"HD 154857 c","HD 154857",63.44820000,13.20000000,819.97000000,3452.00000000000,,"G5 V",5605.00,1.718000,2014
"BD-210397 c","BD-210397",23.73240000,12.90000000,1525.57635360,6240.00000000000,,"K7 V",4051.00,0.690000,2023
"GJ 667 C b","GJ 667 C",7.24396000,2.25000000,5.68000000,7.20300000000,,"M1.5 V",3350.00,0.330000,2012
"HD 168443 c","HD 168443",39.62450000,12.20000000,5500.33841154,1753.10960000000,,"G5",5491.00,0.980000,2000
"HD 82943 c","HD 82943",27.59020000,13.40000000,622.60300000,220.07800000000,,"G2/3V",5935.00,1.080000,2003
"HD 82943 b","HD 82943",27.59020000,13.50000000,534.25000000,441.47000000000,,"G2/3V",5935.00,1.080000,2003
"HIP 5158 c","HIP 5158",51.60260000,12.20000000,4780.16320000,9017.76000000000,,,4813.00,0.780000,2011
"Kepler-37 e","Kepler-37",63.92070000,0.37000000,8.10000000,51.19600000000,401.00,,5288.00,0.800000,2014
"alf Ari b","alf Ari",20.21019000,13.40000000,572.07000000,380.80000000000,,"K2III",4553.00,1.500000,2010
"GJ 536 b","GJ 536",10.40920000,2.41000000,6.37000000,8.70874000000,451.00,"M1 V",3641.00,0.528000,2016
"Ross 458 c","Ross 458",11.50940000,14.01125000,1906.98000000,,,"M2",3965.42,0.556419,2010
"HD 27894 b","HD 27894",43.82140000,14.10000000,196.73578393,18.01939000000,,"K2 V",4875.00,0.810000,2005
"WD 0806-661 b","WD 0806-661",19.24440000,12.60000000,2542.62725600,,340.00,"DQ",9552.00,0.620000,2011
"HD 10180 d","HD 10180",38.96070000,,3295.88058059,16.35700000000,,"G1 V",5911.00,1.060000,2010
"HD 11506 d","HD 11506",51.26100000,12.30000000,4068.20360960,26500.00000000000,,"G0 V",6123.00,1.220000,2022
"91 Aqr b","91 Aqr",44.03040000,13.10000000,1017.00000000,181.40000000000,,"K0 III",4665.00,1.400000,2013
"GJ 163 b","GJ 163",15.12850000,3.25000000,10.60000000,8.63182000000,,"M",3500.00,0.400000,2013
"HD 215497 c","HD 215497",40.54680000,13.00000000,111.23994245,566.00000000000,,"K3 V",5113.00,0.920000,2009
"BD-06 1339 b","BD-06 1339",20.26950000,,1523.03372634,3.87280000000,,"K7/M0 V",4324.00,0.700000,2013
"HD 66141 b","HD 66141",68.15090000,12.80000000,1906.90000000,480.50000000000,,"K2 III",4323.00,1.100000,2012
"GU Psc b","GU Psc",47.55010000,14.17900000,3591.30000000,,1050.00,"M3",4031.81,0.325000,2014
"GJ 163 c","GJ 163",15.12850000,2.50000000,6.80000000,25.63058000000,,"M",3500.00,0.400000,2013
"GJ 163 d","GJ 163",15.12850000,5.92000000,29.40000000,603.95116000000,,"M",3500.00,0.400000,2013
"DENIS-P J082303.1-491201 b","DENIS-P J082303.1-491201",20.77000000,11.90000000,9057.77000000,246.36000000000,,"L1.5",,0.075000,2013
"HD 66428 c","HD 66428",53.28170000,13.50000000,560.64930995,10478.84437000000,,"G8 IV (+ G)",5716.00,1.010000,2021
"Kepler-16 b","Kepler-16",75.08520000,8.44930000,105.83300000,228.77600000000,,,4450.00,0.689700,2011
"HD 103774 b","HD 103774",56.40890000,13.30000000,116.00000000,5.88810000000,,"F5 V",6489.00,1.335000,2013
"HD 109271 b","HD 109271",55.87160000,4.31000000,17.16200000,7.85430000000,,"G5 V",5783.00,1.047000,2013
"HD 50554 b","HD 50554",31.16640000,12.80000000,1859.29618095,1293.00000000000,,"F8 V",5987.00,1.040000,2002
"HD 183263 b","HD 183263",54.19550000,13.10000000,1103.18240070,624.87404000000,,"G2 IV",5948.00,1.060000,2004
"HD 166724 b","HD 166724",45.13420000,13.00000000,1207.74794660,5144.00000000000,,"K0 IV-V",5127.00,0.810000,2012
"HD 150706 b","HD 150706",28.26970000,13.30000000,772.32302901,5894.00000000000,,"G0 V",5961.00,1.170000,2012
"HD 3167 e","HD 3167",47.28990000,2.83000000,8.41000000,96.63000000000,374.80,"K0 V",5261.00,0.837000,2022
"Kepler-42 c","Kepler-42",40.05950000,0.73000000,60.33700000,0.45328509000,720.00,"M",3068.00,0.130000,2011
"HD 168863 b","HD 168863",39.89790000,12.70000000,2154.87659946,14773.93272000000,,,4905.00,0.800000,2022
"HD 155358 c","HD 155358",43.61970000,13.90000000,261.00000000,391.90000000000,,"G0",5900.00,0.920000,2007
"HD 183263 c","HD 183263",54.19550000,12.50000000,2958.98246917,4667.97841000000,,"G2 IV",5948.00,1.060000,2008
"HD 187123 b","HD 187123",45.95480000,14.20000000,166.21800000,3.09658280000,,"G3 V",5790.00,1.040000,1998
"HD 197037 b","HD 197037",33.19440000,13.90000000,251.00000000,1035.70000000000,,"F7 V",6150.00,1.110000,2012
"CFBDSIR J145829+101343 b","CFBDSIR J145829+101343",23.10000000,12.40000000,3337.10000000,10037.50000000000,370.00,,580.50,0.021000,2011
"RR Cae b","RR Cae",21.19160000,13.00000000,1334.88600000,4343.50000000000,,"M",3904.00,0.440000,2012
"LHS 3844 b","LHS 3844",14.88460000,1.30300000,2.25000000,0.46292913000,805.00,"M5",3036.00,0.151000,2019
"TOI-237 b","TOI-237",38.07490000,1.44000000,2.67000000,5.43609800000,388.00,"M4.5 V",3212.00,0.179000,2020
"HD 95086 b","HD 95086",86.22790000,12.90000000,1589.00000000,,1000.00,"A8 III",7595.00,1.600000,2013
"HD 13908 b","HD 13908",79.55150000,13.90000000,274.91000000,19.38200000000,,"F8 V",6255.00,1.290000,2013
"GJ 667 C c","GJ 667 C",7.24396000,1.77000000,3.80000000,28.14000000000,,"M1.5 V",3350.00,0.330000,2013
"HD 13908 c","HD 13908",79.55150000,12.80000000,1630.40000000,931.00000000000,,"F8 V",6255.00,1.290000,2013
"HD 159243 b","HD 159243",73.30550000,13.70000000,359.13000000,12.62000000000,,"G0 V",6123.00,1.125000,2013
"HIP 57274 c","HIP 57274",25.86180000,14.20000000,130.00000000,32.03000000000,,"K4 V",4640.00,0.730000,2011
"GJ 667 C f","GJ 667 C",7.24396000,1.45000000,2.70000000,39.02600000000,,"M1.5 V",3350.00,0.330000,2013
"HD 73526 c","HD 73526",97.23960000,13.30000000,715.09000000,379.10000000000,,"G6 V",5601.00,1.014000,2005
"K2-26 b","K2-26",99.05040000,2.67000000,7.61000000,14.56650000000,430.00,"M1.0 V",3785.00,0.560000,2016
"2MASS J01225093-2439505 b","2MASS J01225093-2439505",33.82810000,11.20900000,7786.50000000,,1600.00,"M3.5 V",3530.00,0.400000,2013
"HD 222237 b","HD 222237",11.44690000,12.80000000,1649.52943233,14892.00000000000,,"K3 V",4751.00,0.760000,2024
"HR 8799 b","HR 8799",41.24410000,13.00000000,2000.00000000,170000.00000000000,1200.00,"A5 V",7204.58,1.500000,2008
"HR 8799 d","HR 8799",41.24410000,13.00000000,3000.00000000,37000.00000000000,1300.00,"A5 V",7204.58,1.500000,2008
"HR 8799 e","HR 8799",41.24410000,13.11453000,3178.30000000,20815.60000000000,1150.00,"A5",7400.00,1.510000,2010
"HD 176986 d","HD 176986",27.78430000,2.49000000,6.76000000,61.37600000000,363.00,"K2.5 V",4931.00,0.789000,2026
"HD 176986 c","HD 176986",27.78430000,,2097.98531461,16.81240000000,558.00,"K2.5 V",4931.00,0.789000,2017
"HD 3167 d","HD 3167",47.28990000,1.92000000,4.33000000,8.41120000000,859.50,"K0 V",5261.00,0.837000,2017
"GJ 3470 b","GJ 3470",29.42140000,4.57000000,13.90000000,3.33664960000,593.50,"M1.5",3600.00,0.539000,2012
"HD 221420 b","HD 221420",31.14150000,12.00000000,7278.27052030,10090.00000000000,,"G2 IV-V",5847.00,1.351000,2019
"HD 108202 b","HD 108202",38.68460000,13.10000000,953.48522100,2990.00000000000,,"K4/5 V",4556.03,0.740000,2023
"HD 27894 c","HD 27894",43.82140000,8.24000000,51.48846000,36.07000000000,,"K2 V",4875.00,0.800000,2017
"HD 68988 c","HD 68988",60.84470000,12.20000000,4776.96095721,16000.00000000000,,"G2 V",5883.41,1.171665,2021
"HD 168443 b","HD 168443",39.62450000,12.60000000,2424.39508860,58.11187000000,,"G5",5491.00,0.980000,1998
"BD-08 2823 c","BD-08 2823",41.33420000,12.50000000,104.00000000,237.60000000000,,"K3 V",4746.00,0.740000,2009
"HD 10180 f","HD 10180",38.96070000,5.24000000,23.90000000,122.74400000000,,"G1 V",5911.00,1.060000,2010
"HD 16905 b","HD 16905",39.74010000,12.40000000,3591.46099910,10256.00000000000,,"K3 V",4866.12,0.850000,2022
"HD 187123 c","HD 187123",45.95480000,13.20000000,912.16752809,3810.00000000000,,"G3 V",5790.00,1.040000,2008
"HD 62364 c","HD 62364",53.11200000,12.00000000,7923.46218651,74839.94555000000,,"F7 V",6255.00,1.190000,2022
"GJ 1214 b","GJ 1214",14.64270000,2.73300000,8.41000000,1.58040453100,567.00,"M4 V",3101.00,0.182000,2009
"BD-210397 b","BD-210397",23.73240000,14.00000000,214.00000000,1891.00000000000,,"K7 V",4051.00,0.679000,2023
"TOI-5789 e","TOI-5789",20.45810000,3.43000000,11.61000000,62.98000000000,424.00,"K1 V",5185.00,0.821000,2026
"TOI-5720 b","TOI-5720",35.82560000,1.09000000,4.30000000,1.43445550000,708.00,"M3.5 +/- 1.0",3325.00,0.383000,2024
"TOI-561 e","TOI-561",85.79900000,2.51700000,12.40000000,77.14400000000,416.00,"G9 V",5342.00,0.806000,2020
"LTT 1445 A b","LTT 1445 A",6.86929000,1.34000000,2.73000000,5.35876350000,431.00,"M3.0",3562.00,0.257000,2019
"KELT-11 b","KELT-11",99.15960000,15.13212395,65.15482343,4.73620865000,1712.00,"G8/K0 IV",5375.00,1.440000,2017
"TOI-1749 b","TOI-1749",99.55610000,1.39000000,57.00000000,2.38839000000,831.00,"M0 V",3985.00,0.580000,2021
"HIP 113103 b","HIP 113103",46.21220000,1.82900000,4.00000000,7.61030300000,721.00,,4930.00,0.761000,2023
"K2-415 b","K2-415",21.81820000,1.01500000,7.50000000,4.01796940000,412.40,"M5 V",3173.00,0.163500,2023
"TOI-1634 b","TOI-1634",35.27360000,1.77300000,7.57000000,0.98934550000,924.00,"M2",3472.00,0.451000,2021
"K2-266 c","K2-266",77.55860000,0.70500000,0.29013072,7.81400000000,664.50,,4285.00,0.686000,2018
"HD 110067 g","HD 110067",32.15850000,2.60700000,8.40000000,54.76992000000,440.00,"K0.0 V",5266.00,0.798000,2023
"TOI-1696 b","TOI-1696",64.91720000,3.09000000,48.80000000,2.50031100000,489.00,"M5V",3185.00,0.255000,2022
"TOI-5728 b","TOI-5728",54.70450000,1.31000000,2.27000000,11.49761000000,382.00,,3419.00,0.360000,2025
"HD 181234 b","HD 181234",47.74580000,12.50000000,2980.91262925,7593.40512000000,,"G8 IV",5386.00,0.940000,2019
"HD 27894 d","HD 27894",43.82140000,12.70000000,2063.65984665,5019.54244000000,,"K2 V",4875.00,0.810000,2017
"TOI-444 b","TOI-444",57.39730000,2.77000000,8.10000000,17.96360000000,609.00,"K1/2 V",5225.00,0.960000,2023
"HIP 9618 b","HIP 9618",67.54780000,3.82838127,8.30000000,20.77285800000,640.88,,5649.00,0.942000,2023
"GJ 367 d","GJ 367",9.41263000,2.33000000,6.03000000,34.36900000000,,"M1.0 V",3522.00,0.455000,2023
"HD 24040 c","HD 24040",46.62240000,9.35000000,63.88350981,515.40000000000,,"G0 V",5776.49,1.103940,2021
"HD 215152 c","HD 215152",21.59740000,,468.79690033,7.28243000000,,"K3 V",4935.00,0.770000,2018
"TOI-5205 b","TOI-5205",86.44930000,11.60000000,343.00000000,1.63075700000,737.00,"M4.0",3430.00,0.392000,2023
"TOI-1266 d","TOI-1266",36.01180000,1.74000000,3.68000000,32.50900000000,288.00,"M2",3563.00,0.437000,2025
"TOI-1224 c","TOI-1224",37.33120000,2.88400000,8.67000000,17.94546600000,303.12,,3326.00,0.400000,2024
"K2-155 c","K2-155",72.79980000,2.60000000,7.27000000,13.85000000000,583.00,"K7",4258.00,0.650000,2018
"TOI-712 d","TOI-712",58.62120000,2.47400000,6.68000000,84.83960000000,313.60,"K4.5 V",4622.00,0.732000,2022
"GJ 357 c","GJ 357",9.44181000,1.66000000,3.40000000,9.12470000000,401.20,"M2.5 V",3505.00,0.342000,2019
"TOI-5799 b","TOI-5799",27.81230000,1.73300000,3.65000000,4.16450700000,505.00,"M2 V",3452.00,0.325000,2024
"HD 97658 b","HD 97658",21.56180000,2.12000000,8.30000000,9.48971160000,751.00,"K1 V",5212.00,0.850000,2010
"HD 149026 b","HD 149026",75.86430000,8.29466000,120.77540000,2.87589000000,1626.00,"G0",6179.00,1.420000,2005
"HD 100508 b","HD 100508",32.75480000,13.70000000,381.39408840,5681.00000000000,,"K1 IV",5419.00,0.940000,2026
"HD 21520 b","HD 21520",79.20800000,2.69700000,17.70000000,25.12920000000,637.00,,5871.00,1.090000,2024
"TOI-3353.01","TOI-3353",78.75770000,2.66675550,7.59000000,4.66579650000,1264.36,,6365.00,1.332089,2024
"HD 67087 b","HD 67087",76.52170000,13.10000000,973.00000000,352.20000000000,,"F8 V",6330.00,1.360000,2015
"TOI-1411 b","TOI-1411",32.47780000,1.19880592,2.00000000,1.45205270000,976.40,,4115.00,0.604500,2022
"HD 32963 b","HD 32963",38.07860000,13.40000000,657.90480249,2372.00000000000,,"G5 IV",5727.00,0.940000,2015
"HD 113538 b","HD 113538",16.28170000,13.20000000,114.41000000,663.20000000000,,"K9 V",4462.00,0.585000,2010
"HD 113538 c","HD 113538",16.28170000,13.80000000,295.57000000,1818.00000000000,,"K9 V",4462.00,0.585000,2010
"HD 30669 b","HD 30669",58.08440000,14.30000000,149.37000000,1684.00000000000,,"G9 V",5400.00,0.920000,2014
"TOI-178 g","TOI-178",62.69900000,2.93900000,4.40000000,20.71663000000,470.00,"K",4316.00,0.647000,2021
"GJ 3090 b","GJ 3090",22.47510000,2.18000000,4.52000000,2.85310198000,723.00,"M2 V",3707.00,0.519000,2022
"TOI-421 b","TOI-421",74.79690000,2.64000000,6.70000000,5.19757600000,922.00,"G9 V",5291.00,0.833000,2020
"HD 12484 b","HD 12484",48.33670000,13.20000000,947.13340000,58.83000000000,,"F8",5920.00,1.010000,2016
"HIP 65407 b","HIP 65407",61.78040000,14.30000000,136.03124000,28.12500000000,,"K0",5460.00,0.930000,2016
"HD 108341 b","HD 108341",48.91020000,13.30000000,715.11391575,1129.00000000000,,"K2 V",5122.00,0.843000,2014
"HD 103720 b","HD 103720",45.53520000,14.10000000,197.04600000,4.55570000000,,"K3 V",5017.00,0.794000,2014
"HR 2562 b","HR 2562",34.00710000,12.44199000,4195.33497240,,1255.00,"F5 V",6597.00,1.368000,2016
"HD 62364 b","HD 62364",53.11200000,12.10000000,5965.63919939,5138.00000000000,,"F7 V",6255.00,1.157000,2022
"TOI-1806.01","TOI-1806",55.52110000,3.40953670,11.50000000,15.14546930000,337.47,,3272.00,0.392935,2024
"HD 207897 b","HD 207897",28.29380000,2.34302132,14.80000000,16.20166000000,581.75,"K0 V",5106.00,0.820800,2021
"HD 110067 b","HD 110067",32.15850000,2.20000000,5.69000000,9.11367800000,800.00,"K0.0 V",5266.00,0.798000,2023
"HIP 109384 b","HIP 109384",58.95820000,13.50000000,495.81480000,499.48000000000,,"G5",5180.00,0.780000,2016
"HD 220842 b","HD 220842",64.64980000,13.10000000,1010.69940000,218.47000000000,,"F8",5960.00,1.130000,2016
"HD 20329 b","HD 20329",63.67960000,1.72000000,7.42000000,0.92611800000,2141.00,,5596.00,0.900000,2022
"TOI-260 b","TOI-260",20.18520000,1.71000000,4.23000000,13.47585300000,493.00,"K8 V",4026.00,0.616000,2024
"14 Her b","14 Her",17.93230000,12.50000000,2828.67282230,1766.41000000000,,"K0",5338.00,0.970000,2002
"WASP-107 b","WASP-107",64.74140000,10.53646000,30.51152707,5.72148760000,736.00,"K6",4425.00,0.683000,2017
"WASP-107 c","WASP-107",64.74140000,13.00000000,111.23994245,1066.00000000000,,"K6",4425.00,0.683000,2020
"HD 145675 c","14 Her",17.93230000,12.60000000,2510.84441530,15732.45889000000,,"K0",5338.00,0.970000,2021
"TOI-1685 b","TOI-1685",37.61530000,1.42100000,3.07000000,0.66913923000,1000.00,"M3 V",3470.00,0.466000,2021
"TOI-2141 d","TOI-2141",77.68200000,3.97000000,14.90000000,60.45000000000,491.40,,5635.00,0.896000,2025
"HD 158259 c","HD 158259",27.04980000,2.23000000,5.60000000,3.43200000000,,"G0",5801.89,1.080000,2020
"HR 858 b","HR 858",31.96400000,2.00400000,3.55000000,3.58528700000,1552.00,"F6 V",6354.00,1.204000,2019
"Kepler-446 d","Kepler-446",96.33900000,1.35000000,2.39000000,5.14892100000,436.00,"M4",3359.00,0.220000,2015
"K2-133 c","K2-133",75.17030000,1.60300000,3.20000000,4.86784000000,,"M1.5 V",3655.00,0.461000,2017
"2MASS J02192210-3925225 b","2MASS J02192210-3925225",40.08964117,16.14096000,4417.83700000,,,"M6",3064.00,0.108000,2015
"GJ 480 b","GJ 480",14.23580000,2.91000000,8.80000000,9.55360000000,406.00,"M3.5 Ve",3509.00,0.450000,2020
"HD 118203 c","HD 118203",92.25890000,12.40000000,3747.19691853,5103.00000000000,146.00,"K0 IV",5742.00,1.270000,2024
"TOI-1136 e","TOI-1136",84.53620000,2.63900000,6.07000000,18.80100000000,737.00,,5770.00,1.022000,2022
"TOI-431 d","TOI-431",32.56860000,3.29000000,9.90000000,12.46103000000,633.00,,4850.00,0.780000,2021
"HAT-P-22 b","HAT-P-22",81.76470000,12.89035000,785.04010000,3.21222000000,1463.00,"G5 V",5302.00,1.130000,2010
"GJ 341 b","GJ 341",10.45400000,0.88000000,4.00000000,7.57686000000,629.00,"M1",3770.00,0.480000,2025
"GJ 436 b","GJ 436",9.75321000,4.17000000,22.10000000,2.64388312000,686.00,"M2.5 V",3586.11,0.470000,2004
"HIP 94235 b","HIP 94235",58.51460000,3.00000000,379.00000000,7.71305700000,1060.00,"G V",5991.00,1.094000,2022
"TOI-1736 b","TOI-1736",88.94820000,3.18175535,12.30000000,7.07307600000,1099.79,,5636.00,1.037300,2023
"TOI-3235 b","TOI-3235",72.81100000,11.39953337,211.35589065,2.59261842000,604.00,"M V",3388.80,0.393900,2023
"HD 1461 b","HD 1461",23.45340000,2.42000000,6.44000000,5.77152000000,,"G0 V",5765.00,1.020000,2010
"HD 1461 c","HD 1461",23.45340000,2.23000000,5.59000000,13.50520000000,,"G0 V",5765.00,1.020000,2015
"GJ 3341 b","GJ 3341",23.61900000,2.46000000,6.60000000,14.20700000000,,"M2.5",3526.00,0.470000,2015
"Kepler-444 b","Kepler-444",36.43960000,0.40300000,0.03740000,3.60010530000,938.00,"K",5046.00,0.758000,2015
"Kepler-444 c","Kepler-444",36.43960000,0.49700000,0.07930000,4.54588410000,868.00,"K",5046.00,0.758000,2015
"HD 135694 b","HD 135694",73.87130000,2.85700000,6.10000000,15.92347556800,750.83,,5712.00,1.020000,2023
"HD 40307 d","HD 40307",12.93630000,,1775.38948150,20.43200000000,541.00,"K2.5 V",4956.00,0.770000,2009
"HD 87883 b","HD 87883",18.29120000,12.70000000,2005.49724817,3006.00000000000,,"K0",4980.00,0.800000,2009
"TOI-815 c","TOI-815",59.71170000,2.62000000,23.50000000,34.97614500000,469.00,"K3 V",4869.00,0.776000,2024
"TOI-1470 b","TOI-1470",51.95030000,2.18000000,7.32000000,2.52709300000,734.00,"M1.5 V",3709.00,0.471000,2023
"HD 40307 f","HD 40307",12.93630000,2.13000000,5.20000000,51.76000000000,398.00,"K2.5 V",4956.00,0.770000,2013
"Kepler-444 e","Kepler-444",36.43960000,0.54600000,0.10000000,7.74349300000,727.00,"K",5046.00,0.758000,2015
"Kepler-444 d","Kepler-444",36.43960000,0.53000000,0.20000000,6.18939200000,783.00,"K",5046.00,0.758000,2015
"Kepler-444 f","Kepler-444",36.43960000,0.74100000,0.33200000,9.74048600000,673.00,"K",5046.00,0.758000,2015
"K2-174 b","K2-174",99.92930000,2.60000000,7.27000000,19.56230700000,455.00,,4455.00,0.700000,2018
"K2-133 d","K2-133",75.17030000,2.00300000,4.67000000,11.02454000000,734.00,"M1.5 V",3655.00,0.461000,2017
"TOI-2443 b","TOI-2443",23.92580000,2.36300000,4.80000000,15.66858000000,519.00,"K5 V",4375.00,0.642000,2023
"Kepler-37 d","Kepler-37",63.92070000,2.03000000,2.00000000,39.79226220000,499.00,,5357.00,0.790000,2013
"TOI-776 b","TOI-776",27.17010000,1.79800000,5.00000000,8.24662000000,520.00,"M1 V",3725.00,0.542000,2020
"TOI-512 b","TOI-512",67.39750000,1.54000000,3.57000000,7.18886000000,1009.00,,5277.00,0.740000,2025
"TOI-833 b","TOI-833",41.71480000,1.27000000,2.15000000,1.04187770000,1118.00,,3920.00,0.610000,2022
"KELT-24 b","KELT-24",96.51730000,12.71098411,1458.83238813,5.55149296000,1391.00,"F7",6426.00,1.268000,2019
"HD 199509 b","HD 199509",24.30560000,7.43000000,43.22466335,99.62167000000,,"G3V",5796.02,1.040000,2022
"TOI-1450 A c","TOI-1450 A",22.44670000,1.13000000,1.52700000,5.06880000000,533.00,"M3.0 V",3437.00,0.480000,2024
"TOI-1136 f","TOI-1136",84.53620000,3.73591482,9.70000000,26.32100000000,658.00,,5770.00,1.022000,2022
"HD 21411 b","HD 21411",29.13280000,9.52000000,65.90000000,84.28800000000,,"G8 V",5605.00,0.890000,2019
"K2-394 b","K2-394",98.01520000,1.69200000,3.51000000,5.09571700000,643.00,,4938.00,0.478000,2022
"TOI-5800 b","TOI-5800",42.90520000,2.46000000,9.50000000,2.62788380000,1108.00,"K3 V",4850.00,0.778000,2025
"HD 181433 b","HD 181433",26.87620000,,1708.64551603,9.37450000000,,"K3 IV",4918.00,0.860000,2008
"DMPP-1 e","DMPP-1",62.53880000,1.86000000,4.13000000,5.51600000000,1314.00,"F8 V",6196.00,1.210000,2019
"HD 28471 b","HD 28471",43.64550000,1.75000000,3.72000000,3.16490000000,1377.00,"G5 V",5766.00,0.980000,2025
"DMPP-6 b","DMPP-6",54.63030000,2.28000000,5.80000000,7.60270000000,,,6182.09,1.079000,2026
"Gliese 12 b","Gliese 12",12.21000000,0.93000000,0.95000000,12.76141800000,314.60,"M3.0 V",3328.00,0.255000,2024
"HD 209458 b","HD 209458",48.30160000,15.58051000,232.01590000,3.52474859000,1459.00,"G0 V",6091.00,1.230000,1999
"TOI-2015 c","TOI-2015",47.34440000,2.93000000,8.91000000,5.58279600000,448.00,"M4 +/- 0.5",3297.00,0.304100,2025
"BD+05 4868 A b","BD+05 4868 A",43.56870000,,6.20000000,1.27186900000,1820.00,"K V",4596.00,0.700000,2025
"HD 216770 b","HD 216770",36.66250000,14.10000000,181.16310000,118.45000000000,,"G9 V CN+1",5399.00,0.740000,2003
"TOI-2194 b","TOI-2194",19.57110000,1.98920000,4.61000000,15.33759700000,590.88,,4756.00,0.740000,2023
"TOI-1224 b","TOI-1224",37.33120000,2.10400000,5.08000000,4.17827450000,541.00,,3326.00,0.400000,2024
"TOI-1410 c","TOI-1410",72.75120000,5.63000000,27.00000000,47.56000000000,,,4635.00,0.794100,2024
"HD 45184 b","HD 45184",21.95320000,3.52000000,12.19000000,5.88540000000,,"G1.5 V",5869.00,1.030000,2019
"TOI-1693 b","TOI-1693",30.79470000,1.41000000,2.57000000,1.76669570000,764.00,,3499.00,0.490000,2022
"LP 714-47 b","LP 714-47",52.61600000,4.70000000,30.80000000,4.05203700000,700.00,"M0.0 V",3950.00,0.590000,2020
"TOI-1184 b","TOI-1184",58.59460000,2.39000000,6.80000000,5.74843380300,715.47,,4534.00,0.710000,2024
"HD 106270 b","HD 106270",93.80800000,12.40000000,3623.24383980,1888.00000000000,,"G5 IV",5509.00,1.390000,2011
"TOI-762 A b","TOI-762 A",98.44580000,8.33948164,79.77493016,3.47168260000,555.40,,3266.00,0.442000,2024
"TOI-2266 b","TOI-2266",51.60040000,1.54000000,2.99000000,2.32631800000,550.00,"M5.0+0.5-0.5",3200.00,0.230000,2024
"TOI-6041 c","TOI-6041",72.47310000,10.50000000,77.90000000,88.00000000000,403.50,"G7",5445.00,0.885000,2025
"HD 109833 c","HD 109833",79.55610000,2.59000000,7.22000000,13.90014800000,756.70,,5881.00,1.080000,2022
"GJ 9827 d","GJ 9827",29.66100000,1.98000000,3.02000000,6.20183000000,675.00,"K7 V",4236.00,0.620000,2017
"GJ 508.2 b","GJ 508.2",16.63740000,,587.98255295,5300.00000000000,,"M1.0 V",3720.00,0.540000,2025
"tau Cet g","tau Cet",3.60304000,1.18000000,1.75000000,20.00000000000,,"G8.5V",5310.00,0.783000,2017
"HD 95872 b","HD 95872",72.21950000,13.00000000,1188.68420000,4375.00000000000,,"K0 V",5312.00,0.700000,2015
"TOI-1416 b","TOI-1416",55.01350000,1.62000000,3.48000000,1.06975680000,1517.00,"G9 V",4884.00,0.798000,2023
"HIP 38594 c","HIP 38594",17.78860000,7.94000000,48.40000000,3477.76800000000,,"M0",4086.30,0.610000,2020
"AU Mic c","AU Mic",9.72210000,2.79000000,14.46000000,18.85902300000,424.70,"M1 V",3540.00,0.635000,2021
"AU Mic b","AU Mic",9.72210000,4.79000000,8.99000000,8.46344600000,554.80,"M1 V",3540.00,0.635000,2020
"HD 105618 b","HD 105618",70.08370000,5.44000000,25.42627256,10.02245000000,,,5671.00,1.010000,2022
"TOI-262 b","TOI-262",43.93200000,2.07000000,4.94000000,11.14529000000,584.00,"K0 V",5310.00,0.913000,2023
"TOI-4184 b","TOI-4184",69.36490000,2.43000000,6.48000000,4.90198040000,412.00,"M5.5+/-0.5",3238.00,0.210900,2023
"TOI-5489 b","TOI-5489",45.09070000,1.40000000,2.54000000,3.15222000000,624.00,,3547.00,0.410000,2025
"GJ 3082 b","GJ 3082",16.61860000,2.79000000,8.20000000,11.94900000000,,"M4",3910.00,0.470000,2020
"TOI-6255 b","TOI-6255",20.31670000,1.07900000,1.44000000,0.23818244000,1256.46,,3421.00,0.353000,2024
"TOI-712 c","TOI-712",58.62120000,2.70100000,7.76000000,51.69906000000,369.90,"K4.5 V",4622.00,0.732000,2022
"HD 204941 b","HD 204941",28.71650000,10.10000000,73.10090000,1733.00000000000,,"K1/2V",5026.00,0.580000,2011
"TOI-1130 c","TOI-1130",58.26090000,13.00000000,336.00000000,8.35018980000,650.00,"K6-K7",4360.00,0.745000,2020
"HD 101581 b","HIP 56998",12.77810000,0.95600000,0.82700000,4.46569000000,834.00,"K4/5V",4675.00,0.653000,2025
"GJ 536 c","GJ 536",10.40920000,2.30000000,5.89000000,32.76100000000,290.50,"M1 V",3641.00,0.528000,2025
"TOI-663 b","TOI-663",64.23080000,2.27000000,4.45000000,2.59890200000,674.00,"M1 V",3681.00,0.514000,2024
"HD 10180 h","HD 10180",38.96070000,9.40000000,64.40000000,2205.00000000000,,"G1 V",5911.00,1.060000,2010
"HD 7924 b","HD 7924",16.99220000,,2058.25676373,5.39792000000,825.90,"K0.5 V",5131.00,0.650000,2008
"HIP 57274 d","HIP 57274",25.86180000,14.20000000,167.40000000,431.70000000000,,"K4 V",4640.00,0.730000,2011
"HD 215152 e","HD 215152",21.59740000,,975.41538108,25.19670000000,,"K3 V",4935.00,0.770000,2018
"GJ 328 b","GJ 328",20.52660000,13.30000000,797.74930157,3771.00000000000,,"M0.0",3897.00,0.650000,2013
"HD 16175 b","HD 16175",59.85900000,12.80000000,1875.18760130,990.00000000000,,"G2",5981.00,1.630000,2009
"14 And b","14 And",75.43920000,13.10000000,1131.15130051,186.76000000000,,"K0 III",4888.00,1.780000,2008
"K2-146 c","K2-146",79.30020000,2.19000000,7.49000000,4.00498000000,,"M3.0 V",3385.00,0.331000,2019
"TOI-2345 b","TOI-2345",81.65410000,1.50400000,3.49000000,1.05285730000,1478.00,"K",4687.00,0.727000,2025
"TOI-5788 c","TOI-5788",97.61400000,2.27200000,6.40000000,16.21336200000,667.00,,5615.00,0.870000,2026
"TOI-5788 b","TOI-5788",97.61400000,1.52800000,3.72000000,6.34075800000,910.00,,5615.00,0.870000,2026
"TOI-1136 g","TOI-1136",84.53620000,2.53000000,5.60000000,39.54500000000,574.00,,5770.00,1.022000,2022
"TOI-912 b","TOI-912",26.10720000,1.93000000,5.10000000,4.67806910000,551.00,"M3",3572.00,0.418000,2025
"LP 791-18 c","LP 791-18",26.49270000,2.48800000,7.16000000,4.98991000000,324.40,"M(6.1 +/- 0.7) V",2960.00,0.139000,2019
"BD+45 564 b","BD+45 564",53.62200000,13.60000000,432.24663352,307.88000000000,,"K1",5004.00,0.810000,2021
"TOI-5803 b","TOI-5803",84.01260000,3.27320000,10.70000000,5.38305000000,678.87,,5134.00,0.870000,2023
"TOI-1749 c","TOI-1749",99.55610000,2.12000000,14.00000000,4.49290000000,673.00,"M0 V",3985.00,0.580000,2021
"TOI-431 b","TOI-431",32.56860000,1.28000000,3.07000000,0.49004700000,1862.00,,4850.00,0.780000,2021
"WASP-80 b","WASP-80",49.78760000,11.19779100,170.99254000,3.06785234000,825.00,"K7-M0 V",4143.00,0.577000,2012
"HD 219666 b","HD 219666",94.17190000,4.89800000,17.60000000,6.03446800000,1076.00,"G5 V",5540.00,1.020000,2018
"TOI-283 b","TOI-283",82.70130000,2.34000000,6.54000000,17.61745000000,661.00,"K",5213.00,0.800000,2025
"TOI-2459 b","TOI-2459",36.61130000,2.95310000,9.03000000,19.10471800000,445.01,,4195.00,0.660000,2023
"HD 109833 b","HD 109833",79.55610000,2.88800000,8.69000000,9.18852600000,786.00,,5881.00,1.080000,2022
"TOI-1758 b","TOI-1758",96.62150000,3.62000000,6.90000000,20.70507468500,551.44,,5169.00,0.880000,2024
"HR 858 d","HR 858",31.96400000,2.00100000,7.10000000,11.23051100000,1061.00,"F6 V",6354.00,1.204000,2019
"TOI-3493 b","TOI-3493",96.72240000,3.22000000,8.97000000,8.15946670000,1102.00,"G1/2 V",5844.00,1.023000,2025
"Wolf 327 b","Wolf 327",28.53210000,1.24000000,2.53000000,0.57347450000,996.00,"M2.5 V",3542.00,0.405000,2024
"TOI-880 c","TOI-880",60.66790000,4.95000000,21.70000000,6.38727030000,805.00,"K",5050.00,0.870000,2025
"TOI-1278 b","TOI-1278",75.57590000,12.21778896,5879.82552950,14.47567000000,407.87,"M0 V",3799.00,0.540000,2021
"TOI-2096 b","TOI-2096",48.48090000,1.24300000,2.08000000,3.11906330000,445.00,"M4",3300.00,0.231000,2023
"TYC 8998-760-1 b","TYC 8998-760-1",94.61770000,12.30000000,4449.62000000,,,"K3 IV",4573.00,1.000000,2020
"TOI-2094 b","TOI-2094",50.02480000,1.90000000,4.27000000,18.79319300000,276.00,"M3 V",3435.00,0.425000,2026
"HD 114386 c","HD 114386",27.92430000,13.40000000,117.59651059,444.00000000000,,"K3 VC",4895.00,0.800000,2026
"TOI-1442 b","TOI-1442",41.16590000,1.17000000,1.71000000,0.40906770000,1072.00,,3330.00,0.290000,2022
"TOI-700 c","TOI-700",31.12650000,2.60000000,7.27000000,16.05113700000,356.00,"M2.5 V",3459.00,0.415000,2020
"LP 890-9 b","LP 890-9",32.42980000,1.32000000,13.20000000,2.72990250000,396.00,"M6 V",2850.00,0.118000,2022
"TOI-1203 e","TOI-1203",64.99430000,7.31000000,42.10000000,204.59000000000,,"G3 V",5737.00,0.886000,2025
"TOI-4641 b","TOI-4641",86.35010000,8.18255591,1229.99593509,22.09341000000,950.11,,6560.00,1.410000,2023
"TOI-480 b","TOI-480",54.53060000,2.85372018,20.80000000,6.86619600000,1198.94,,6174.00,1.279300,2024
"HD 200964 c","HD 200964",72.59220000,13.70000000,385.84562000,852.50000000000,,"G8 IV",4982.00,1.390000,2010
"K2-239 d","K2-239",31.08490000,1.10000000,1.37000000,10.11500000000,399.00,"M3.0 V",3420.00,0.400000,2018
"TRAPPIST-1 d","TRAPPIST-1",12.42988881,0.78800000,0.38800000,4.04921900000,286.20,"M8.0 V",2566.00,0.089800,2016
"TOI-4602.01","TOI-4602",63.06370000,2.55044900,7.04000000,3.98120910000,1380.27,,6011.90,1.116795,2024
"HD 23472 f","HD 23472",39.03410000,1.13700000,0.77000000,12.16218390000,630.00,"K4 V",4684.00,0.670000,2022
"HD 95338 b","HD 95338",36.99410000,4.27174254,42.90000000,55.08269400000,443.00,"K0.5 V",5097.00,0.848000,2020
"TOI-2076 c","TOI-2076",41.90910000,3.69441587,55.00000000,21.01532700000,543.16,"K",5192.00,0.855700,2021
"TOI-1054.01","TOI-1054",88.43430000,2.43432000,6.50000000,15.50778550000,853.00,,6122.00,1.140000,2021
"HIP 29442 c","TOI-469",68.19200000,1.55100000,4.50000000,3.53795590000,1123.00,,5289.00,0.901000,2023
"K2-136 b","K2-136",59.24740000,1.01400000,4.30000000,7.97520000000,610.00,"K5.5",4500.00,0.742000,2017
"WASP-8 c","WASP-8",89.96060000,12.50000000,3003.37000000,4323.00000000000,,"G8 V",5690.00,1.040000,2013
"TOI-6716 b","TOI-6716",18.88730000,0.98200000,0.91100000,4.71858980000,369.00,"M4",3110.00,0.223000,2026
"HD 191939 f","HD 191939",53.60890000,13.20000000,915.34581216,2898.00000000000,125.00,"G9 V",5348.00,0.810000,2022
"HD 235088 b","HD 235088",41.17060000,1.98200000,4.15000000,7.43413250000,805.00,"K V",5075.00,0.849000,2023
"HIP 55507 b","HIP 55507",25.48930000,12.60000000,2585.53409095,5138.43727000000,,"M0",4171.00,0.650000,2022
"HD 77946 b","HD 77946",99.45100000,2.89646124,10.90000000,6.52736300000,1128.86,"F5",6007.00,1.197300,2024
"TOI-1136 d","TOI-1136",84.53620000,4.62700000,8.35000000,12.51990000000,843.00,,5770.00,1.022000,2022
"TOI-500 e","TOI-500",47.39240000,3.99000000,15.05000000,61.30000000000,,"K6 V",4440.00,0.740000,2022
"Kepler-1651 b","Kepler-1651",66.40740000,1.84000000,4.04000000,9.87863917000,393.00,,3713.00,0.522000,2017
"GJ 317 c","GJ 317",15.19680000,13.60000000,454.49462201,6500.00000000000,,"M3.5 V",3496.00,0.402000,2018
"HD 106515 A b","HD 106515 A",34.09150000,12.10000000,6006.95689230,3626.00000000000,,"G5 V",5362.00,0.890000,2012
"TOI-198 b","TOI-198",23.72620000,1.44000000,2.67000000,10.21520000000,368.00,"M0 V",3650.00,0.467000,2023
"K2-28 b","K2-28",62.99690000,2.32000000,5.99000000,2.26045500000,568.00,"M4",3214.00,0.257000,2016
"TOI-500 d","TOI-500",47.39240000,6.35000000,33.12000000,26.23300000000,,"K6 V",4440.00,0.740000,2022
"HD 155918 b","HD 155918",27.56100000,2.67000000,7.62788177,1.87567000000,,"G2V",5771.84,1.030000,2022
"TOI-2274 b","TOI-2274",48.87600000,2.45000000,6.57000000,2.67963000000,771.46,"M",3943.00,0.612000,2024
"TOI-1180 b","TOI-1180",72.02380000,3.07200000,10.00000000,9.68676037800,638.18,,4738.00,0.750000,2024
"HD 25463 b","HD 25463",45.61810000,2.54535814,8.70000000,7.04914230000,1198.46,,6353.00,1.251000,2023
"TRAPPIST-1 c","TRAPPIST-1",12.42988881,1.09700000,1.30800000,2.42193700000,339.70,"M8.0 V",2566.00,0.089800,2016
"HD 153950 b","HD 153950",48.45490000,13.20000000,937.59850000,499.39999000000,,"F8 V",6124.00,1.250000,2008
"GJ 806 c","GJ 806",12.04450000,2.28000000,5.80000000,6.64064000000,490.00,"M1.5 V",3600.00,0.413000,2023
"GJ 849 b","GJ 849",8.80058000,13.90000000,283.82076745,1925.31000000000,,"M3.5",3467.00,0.450000,2006
"TOI-2427 b","TOI-2427",28.51470000,1.80000000,3.89000000,1.30600110000,1117.00,,4072.00,0.640000,2022
"HD 110067 d","HD 110067",32.15850000,2.85200000,8.52000000,20.51961700000,602.00,"K0.0 V",5266.00,0.798000,2023
"TOI-880.02","TOI-880",60.66790000,2.19000000,5.43000000,2.57571000000,1085.00,"K",5050.00,0.870000,2024
"HD 15337 b","HD 15337",44.81550000,1.77000000,6.51900000,4.75598040000,1001.00,"K1 V",5131.00,0.829000,2019
"TOI-1683.01","TOI-1683",51.18840000,2.63820000,7.45000000,3.05753560000,929.25,,4402.00,0.694661,2024
"HD 34445 f","HD 34445",46.09070000,6.88000000,37.90000000,676.80000000000,,"G0 V",5836.00,1.070000,2017
"TOI-1260 b","TOI-1260",73.59770000,2.41000000,8.56000000,3.12746300000,871.00,"K6 V",4227.00,0.679000,2021
"HD 156846 b","HD 156846",47.73320000,12.40000000,3391.24610000,359.51001000000,,"G0 V",6090.00,1.380000,2007
"TOI-431 c","TOI-431",32.56860000,1.49000000,2.83000000,4.84940000000,867.00,,4850.00,0.780000,2021
"HD 63433 d","HD 63433",22.40350000,1.07300000,1.25000000,4.20907500000,1040.00,"G5 V",5688.00,0.990000,2023
"HD 35843 b","HD 35843",69.60260000,2.29000000,5.84000000,9.89910000000,,,5666.00,0.940000,2025
"TOI-277 b","TOI-277",64.66920000,2.65000000,7.51000000,3.99400000000,587.92,,4031.00,0.160000,2022
"WASP-29 b","WASP-29",87.59530000,8.63093000,73.10090000,3.92273000000,970.00,,4800.00,0.770000,2010
"HD 221416 b","HD 221416",95.54830000,9.17000000,60.50000000,14.27670000000,1314.67,"K0 IV/V",5080.00,1.212000,2019
"Barnard e","Barnard's star",1.82655000,0.63700000,0.19300000,6.73920000000,340.00,"M3.5-4 V",3195.00,0.162000,2025
"TOI-836 b","TOI-836",27.50240000,1.70400000,4.53000000,3.81673000000,871.00,"K V",4552.00,0.678000,2023
"Proxima Cen b","Proxima Cen",1.30119000,1.02000000,1.05500000,11.18465000000,218.00,"M5.5 V",2900.00,0.122100,2016
"HD 141399 d","HD 141399",37.01690000,13.70000000,375.03940000,1069.80000000000,,"K0",5600.00,1.070000,2014
"HIP 67851 b","HIP 67851",64.11810000,13.70000000,365.50266805,89.23000000000,,"K0 III",4840.00,1.280000,2015
"YZ Cet d","YZ Cet",3.71207000,1.03000000,1.09000000,4.65626000000,356.70,"M4.5 V",3151.00,0.142000,2017
"HD 125612 b","HD 125612",57.62070000,13.20000000,945.22168242,557.69994000000,,"G3 V",5900.00,1.050000,2007
"HD 68475 b","HD 68475",33.42970000,12.80000000,1639.99458012,7832.00000000000,,"K2 VC",5022.00,0.830000,2026
"HD 165131 b","HD 165131",57.42630000,12.10000000,5943.39121090,2342.60000000000,,"G3/5 V",5870.00,1.060000,2023
"HD 133131 A c","HD 133131 A",51.47360000,14.30000000,133.48860000,3568.00000000000,,"G2 V",5799.00,0.950000,2016
"WASP-69 b","WASP-69",49.96050000,11.21000000,82.58000000,3.86813881000,971.00,"K",4792.00,0.830000,2014
"TOI-682.01","TOI-682",83.15480000,3.74186000,13.50000000,6.83923880000,1090.00,,5085.00,0.850000,2021
"TOI-7384 b","TOI-7384",66.79020000,3.56000000,12.40000000,6.23402580000,378.00,"M4",3185.00,0.318000,2026
"TOI-1453 b","TOI-1453",78.74150000,1.17300000,2.32000000,4.31352250000,944.20,,4975.00,0.715000,2025
"TOI-2141 b","TOI-2141",77.68200000,3.14700000,20.10000000,18.26160800000,728.00,,5635.00,0.896000,2023
"TOI-763 b","TOI-763",95.12740000,2.28000000,9.79000000,5.60570000000,1038.00,"G",5450.00,0.917000,2020
"GJ 1132 b","GJ 1132",12.61300000,1.19151465,1.83704819,1.62892911000,583.80,"M4.5 V",3229.00,0.194500,2015
"HD 63935 b","HD 63935",48.97390000,2.91575244,10.50000000,9.05880700000,825.22,,5513.00,0.940600,2021
"TOI-2128 b","TOI-2128",36.57800000,2.08874836,4.50000000,16.34136000000,780.53,,5968.00,1.025100,2024
"GJ 2030 b","GJ 2030",37.07880000,2.03000000,4.76742611,2.38129000000,,,5485.00,0.960000,2022
"55 Cnc b","55 Cnc",12.58550000,13.90000000,263.97850000,14.65155200000,700.00,"G8 V",5198.00,1.015000,1996
"47 UMa c","47 UMa",13.79670000,14.20000000,171.62100000,2391.00000000000,,"G0V",5872.00,1.060000,2001
"61 Vir d","61 Vir",8.50332000,5.11000000,22.90000000,123.01000000000,,"G5 V",5577.00,0.942000,2009
"61 Vir b","61 Vir",8.50332000,2.11000000,5.10000000,4.21500000000,,"G5 V",5577.00,0.942000,2009
"HD 136352 b","HD 136352",14.68200000,1.66400000,4.72000000,11.57797000000,905.00,"G4 V",5664.00,0.870000,2019
"HD 4732 c","HD 4732",54.78410000,13.10000000,1069.49258955,3184.20000000000,,"K0 IV",4898.00,1.390000,2012
"HD 147513 b","HD 147513",12.90320000,13.70000000,385.00000000,528.40000000000,,"G3/5V",5883.00,1.110000,2003
"HD 160691 c","HD 160691",15.59810000,,1398.44499080,3947.00000000000,,"G3 IV-V",5773.00,1.130000,2004
"HD 37124 b","HD 37124",31.66340000,14.00000000,214.53525000,154.37800000000,,"G4 V",5698.64,0.850000,2002
"HD 330075 b","HD 330075",45.29890000,14.30000000,152.55840000,3.38773000000,990.00,"K1",5000.00,0.470000,2004
"HIP 67851 c","HIP 67851",64.11810000,12.70000000,2204.77565936,3128.41000000000,,"K0 III",4840.00,1.280000,2015
"HD 163607 b","HD 163607",67.78550000,13.90000000,249.05158800,75.22030000000,,"G5",5522.00,1.120000,2010
"HD 44219 b","HD 44219",52.90510000,14.10000000,184.34047606,472.00000000000,,"G3 V",5752.00,1.200000,2010
"HD 170469 b","HD 170469",60.17800000,14.10000000,209.76780000,1145.00000000000,,"G5 IV",5842.00,1.100000,2007
"AU Mic e","AU Mic",9.72210000,4.87000000,21.10000000,33.11000000000,,"M1 V",3665.00,0.600000,2025
"TOI-2267 c","TOI-2267 A",22.55000000,1.14000000,1.55000000,3.49504120000,374.00,"M5 V",3030.00,0.171000,2025
"GJ 393 b","GJ 393",7.03149000,1.17000000,1.71000000,7.02679000000,485.00,"M2.0 V",3579.00,0.426000,2021
"GJ 687 b","GJ 687",4.54939000,4.32000000,17.20000000,38.14200000000,,"M3.0V",3413.00,0.400000,2014
"HD 159868 c","HD 159868",55.85030000,14.00000000,244.09344000,351.00000000000,,"G5 V",5534.00,1.190000,2012
"TOI-5388.01","TOI-5388",18.52260000,0.99000000,2.20000000,2.59467480000,488.00,"M3.0 V",3440.00,0.292000,2024
"TOI-1238 c","TOI-1238",70.71450000,2.11000000,8.32000000,3.29473600000,695.00,"K7/M0",4089.00,0.590000,2022
"HD 102843 b","HD 102843",62.75800000,13.10000000,113.90000000,3090.94200000000,,"K0 V",5436.00,0.950000,2019
"K2-155 b","K2-155",72.79980000,1.80000000,3.89000000,6.34200000000,708.00,"K7",4258.00,0.650000,2018
"K2-155 d","K2-155",72.79980000,1.90000000,4.27000000,40.71800000000,381.00,"K7",4258.00,0.650000,2018
"55 Cnc d","55 Cnc",12.58550000,13.00000000,1232.49300000,4799.00000000000,,"G8 V",5198.00,1.015000,2002
"HD 160691 e","HD 160691",15.59810000,,2224.79884900,307.90000000000,,"G3 IV-V",5773.00,1.130000,2006
"HD 3651 b","HD 3651",11.13360000,10.10000000,72.46524000,62.25000000000,,"K0 V",5221.00,0.799000,2003
"ups And c","ups And",13.40540000,12.30000000,4443.24112986,241.25800000000,,"F8 V",6156.77,1.300000,1999
"GJ 887 c","GJ 887",3.28679000,2.43000000,6.50000000,21.78400000000,320.00,"M1 V",3688.00,0.495000,2020
"TOI-4342 b","TOI-4342",61.52040000,2.32900000,7.30000000,5.53825920000,639.00,"M0 V",3866.00,0.587000,2023
"HD 20794 f","HD 20794",6.00278000,2.28000000,5.82000000,647.60000000000,,"G6 V",5368.00,0.790000,2025
"WASP-43 b","WASP-43",86.74670000,10.42400000,565.71400000,0.81347500000,1426.70,"K7 V",4400.00,0.580000,2011
"GJ 1132 c","GJ 1132",12.61300000,1.43000000,2.64000000,8.92900000000,300.00,"M4.5 V",3270.00,0.181000,2018
"WASP-189 b","WASP-189",99.73100000,18.14733975,632.47852993,2.72403300000,3353.00,,8000.00,2.030000,2020
"Ross 176 b","Ross 176",46.44880000,1.84000000,4.57000000,5.00663380000,682.00,"K7 V",4041.00,0.577000,2025
"TOI-1743 b","TOI-1743",41.27580000,1.83000000,4.01000000,4.26604600000,485.00,"M4 V",3277.00,0.339000,2025
"Proxima Cen d","Proxima Cen",1.30119000,0.69200000,0.26000000,5.12338000000,282.00,"M5.5 V",2900.00,0.122100,2025
"HD 80913 b","HD 80913",61.36030000,12.00000000,7505.20000290,10839.83341000000,,,6013.24,1.110000,2022
"GJ 687 c","GJ 687",4.54939000,4.14000000,16.00000000,727.56200000000,,"M3.0V",3413.00,0.400000,2020
"HD 206893 c","HD 206893",40.75830000,16.36511182,4036.42076890,2090.00000000000,1181.90,"F5 V",6500.00,1.320000,2022
"G 192-15 c","G 192-15",9.53114000,3.87000000,14.30000000,1219.00000000000,55.90,"M5.0 V",2999.00,0.132000,2025
"HD 97037 b","HD 97037",32.41300000,12.10000000,6707.76852973,6449.08337000000,,,5874.10,1.060000,2022
"TOI-5734 b","TOI-5734",32.51020000,2.10000000,9.10000000,6.18418760000,688.00,"K3-K4 V",4750.00,0.724000,2026
"HD 80606 b","HD 80606",66.47110000,11.56766808,1323.46926959,111.43676500000,405.00,"G5",5565.00,1.050000,2001
"HD 50499 b","HD 50499",46.28450000,13.50000000,519.96988000,2447.10000000000,,"G1 V",6102.00,1.253000,2005
"2MASS J22501512+2325342 b","2MASS J22501512+2325342",57.23090000,11.90000000,9534.85221000,,1600.00,"M3",3352.00,0.433173,2018
"HAT-P-17 b","HAT-P-17",92.38310000,11.76945000,184.34140000,10.33852000000,800.00,"K",5246.00,0.990000,2010
"HD 114386 b","HD 114386",27.92430000,13.60000000,464.02947422,937.70001000000,,"K3 VC",4836.00,0.600000,2003
"HAT-P-17 c","HAT-P-17",92.38310000,13.10000000,1080.60000000,5584.00000000000,,"K",5336.96,0.920000,2010
"HD 99109 b","HD 99109",54.79010000,14.30000000,139.84520000,439.29999000000,,"G8/K0 IV",5282.00,0.760000,2005
"WASP-145 A b","WASP-145 A",91.29900000,10.08810000,282.86870000,1.76903810000,1200.00,"K2 V",4900.00,0.760000,2018
"HD 153557 b","HD 153557",17.94120000,4.77000000,20.34101805,7.29903000000,,"K0",4837.00,0.790000,2022
"LHS 3154 b","LHS 3154",15.76060000,3.69000000,13.15000000,3.71778000000,,"M6.5",2861.00,0.111800,2023
"HD 66428 b","HD 66428",53.28170000,12.40000000,3478.94974302,2269.81726000000,,"G8 IV (+ G)",5716.00,1.010000,2005
"K2-266 b","K2-266",77.55860000,3.30000000,11.26782377,0.65852400000,1515.00,,4285.00,0.686000,2018
"HD 196067 b","HD 196067",39.93460000,12.40000000,3623.24383980,3413.70000000000,,"G0 V",6072.00,1.160000,2012
"K2-266 d","K2-266",77.55860000,2.93000000,8.90000000,14.69700000000,538.30,,4285.00,0.686000,2018
"K2-266 e","K2-266",77.55860000,2.73000000,14.30000000,19.48200000000,490.10,,4285.00,0.686000,2018
"GJ 676 A d","GJ 676 A",16.02720000,1.78000000,3.81394088,3.60076000000,,"M0",3734.00,0.626000,2012
"HD 457 b","HD 457",55.03750000,11.90000000,8445.33643080,20324.58153000000,,,6114.04,1.150000,2022
"K2-85 b","K2-85",97.21790000,1.40000000,3.20000000,0.68453862616,1355.00,,4232.00,0.700000,2016
"K2-291 b","K2-291",90.05620000,1.58900000,6.49000000,2.22517700000,1278.00,,5520.00,0.934000,2019
"GJ 328 c","GJ 328",20.52660000,4.91000000,21.40000000,241.80000000000,,"M0.0",3897.00,0.650000,2023
"GJ 4276 b","GJ 4276",21.33620000,4.22000000,16.57000000,13.35200000000,,"M4.0",3387.00,0.406000,2019
"HD 1397 b","HD 1397",79.57020000,11.50043400,131.89945000,11.53533000000,1228.30,"G5 III/IV",5521.00,1.324000,2018
"HD 47366 c","HD 47366",84.35520000,13.50000000,483.73483545,677.53000000000,,"K1 III",4866.00,1.810000,2016
"K2-18 b","K2-18",38.02660000,2.37000000,8.92000000,32.93962300000,284.00,"M2.5 V",3457.00,0.359000,2015
"HD 12235 b","HD 12235",31.76270000,3.23000000,10.48833743,4.36305000000,,,5986.00,1.100000,2022
"HD 10180 g","HD 10180",38.96070000,,3375.33768234,604.67000000000,,"G1 V",5911.00,1.060000,2010
"HR 8799 c","HR 8799",41.24410000,13.00000000,3000.00000000,69000.00000000000,1200.00,"A5 V",7204.58,1.500000,2008
"GJ 422 b","GJ 422",12.66310000,3.33000000,11.07000000,20.12900000000,,"M3.5 V",3323.00,0.350000,2014
"24 Boo b","24 Boo",95.98630000,13.90000000,280.64248338,30.33000000000,,"G3 IV",4816.00,1.050000,2018
"GJ 180 c","GJ 180",11.94070000,2.41000000,6.40000000,24.32900000000,,"M3",3371.00,0.430000,2014
"HD 21749 c","GJ 143",16.32000000,0.89200000,3.70000000,7.78993000000,701.00,"K4.5",4640.00,0.730000,2019
"GJ 1061 c","GJ 1061",3.67278000,1.19000000,1.81000000,6.68210000000,,"M5.5 V",2953.00,0.120000,2020
"HD 75784 b","HD 75784",85.43210000,13.80000000,317.83000000,341.20000000000,,"G5",4867.00,1.260000,2014
"TOI-7166 b","TOI-7166",35.41530000,2.01000000,4.70000000,12.92063621000,249.00,"M4.5+/-0.5",3099.00,0.190000,2025
"K2-133 e","K2-133",75.17030000,1.73000000,3.64000000,26.58410000000,296.00,"M1.5 V",3655.00,0.461000,2019
"DS Tuc A b","DS Tuc A",44.06220000,5.70000000,413.17900000,8.13826800000,850.00,"G6 V",5428.00,1.010000,2019
"HD 175167 b","HD 175167",71.08630000,12.30000000,4703.86042360,1175.00000000000,,"G5 IV/V",5635.00,1.090000,2009
"Gl 410 b","Gl 410",11.93240000,2.83000000,8.40000000,6.02000000000,,"K",3842.00,0.550000,2025
"HD 96700 c","HD 96700",25.41110000,1.69000000,3.50000000,19.88000000000,,"G0 V",5845.00,0.890000,2021
"K2-147 b","K2-147",90.54940000,1.47286006,2.77000000,0.96193900000,1077.00,,3690.00,0.563000,2018
"HD 219134 c","HD 219134",6.53127000,1.51100000,4.36000000,6.76458000000,782.00,"K3 V",4699.00,0.810000,2015
"HD 219134 f","HD 219134",6.53127000,1.31000000,7.30000000,22.71700000000,522.60,"K3 V",4699.00,0.810000,2015
"HD 219134 h","HD 219134",6.53127000,12.70000000,108.06220000,2247.00000000000,,"K3 V",4913.00,0.794000,2015
"HD 38801 b","HD 38801",91.43490000,12.50000000,3082.31534000,685.25000000000,,"K0",5338.00,1.207000,2009
"GJ 1265 b","GJ 1265",10.25250000,2.63000000,7.40000000,3.65110000000,,"M4.5 V",3236.00,0.178000,2018
"GJ 514 b","GJ 514",7.61778000,2.13000000,5.20000000,140.43000000000,202.00,"M0.5-1.0 V",3728.00,0.510000,2022
"GJ 357 d","GJ 357",9.44181000,2.34000000,6.10000000,55.66100000000,219.60,"M2.5 V",3505.00,0.342000,2019
"HD 134606 f","HD 134606",26.79090000,2.24000000,5.63000000,26.91500000000,,"G5IV",5576.00,1.046000,2024
"GJ 3998 d","GJ 3998",18.14590000,2.34000000,6.07000000,41.78000000000,,"M1",3726.00,0.520000,2025
"HIP 5763 b","HIP 5763",31.90430000,14.20000000,162.09248757,30.01400000000,,"K6 V",4352.00,0.720000,2021
"HD 213885 b","HD 213885",48.08830000,1.74500000,8.83000000,1.00803500000,2128.00,"G",5978.00,1.068000,2019
"TOI-1728 b","TOI-1728",60.79800000,5.05000000,26.78000000,3.49151000000,767.00,"M0",3980.00,0.646000,2020
"11 Com b","11 Com",93.18460000,12.20000000,4914.89848585,323.21000000000,,"G8 III",4874.00,2.090000,2007
"HD 86226 c","HD 86226",45.68300000,2.16000000,7.25000000,3.98442000000,1311.00,"G1 V",5863.00,1.019000,2020
"HD 158259 b","HD 158259",27.04980000,1.28228000,2.22000000,2.17800000000,1462.00,"G0",5801.89,1.080000,2020
"HD 158259 d","HD 158259",27.04980000,2.18000000,5.41000000,5.19808140000,,"G0",5801.89,1.080000,2020
"GJ 3512 b","GJ 3512",9.48637000,14.30000000,146.51889563,203.10900000000,,"M5.5 V",3141.00,0.123000,2019
"HD 158259 e","HD 158259",27.04980000,2.34000000,6.08000000,7.95100000000,,"G0",5801.89,1.080000,2020
"HD 158259 f","HD 158259",27.04980000,2.35000000,6.14000000,12.02800000000,,"G0",5801.89,1.080000,2020
"COCONUTS-2 b","COCONUTS-2 A",10.88640000,12.44196858,2542.62725600,402000000.00000000000,434.00,"M3 V",3406.00,0.370000,2021
"HIP 65 A b","HIP 65 A",61.78560000,22.75427000,1021.18779000,0.98097340000,1411.00,"K4 V",4590.00,0.781000,2020
"L 98-59 b","L 98-59",10.61940000,0.83700000,0.46000000,2.25311400000,620.00,"M3 V",3415.00,0.292300,2019
"L 98-59 c","L 98-59",10.61940000,1.32900000,2.00000000,3.69067640000,526.00,"M3 V",3415.00,0.292300,2019
"L 98-59 d","L 98-59",10.61940000,1.62700000,1.64000000,7.45072900000,416.00,"M3 V",3415.00,0.292300,2019
"HD 213885 c","HD 213885",48.08830000,4.71000000,19.95000000,4.78503000000,1265.40,"G",5978.00,1.068000,2019
"HD 20782 b","HD 20782",35.98640000,13.60000000,472.83000000,597.06430000000,,"G1.5 V",5782.13,1.040000,2006
"GJ 433 d","GJ 433",9.06456000,2.14000000,5.22300000,36.05900000000,,"M2V",3461.00,0.480000,2020
"TOI-540 b","TOI-540",14.00220000,0.90300000,0.67400000,1.23914910000,611.00,"M V",3216.00,0.159000,2020
"HD 202206 c","HD 202206",45.96650000,12.20000000,5689.15700000,1260.00000000000,,"G6 V",5766.00,1.070000,2004
"TOI-251 b","TOI-251",99.52300000,2.74000000,317.83000000,4.93777000000,1041.19,,5875.00,1.036000,2021
"GJ 3473 c","GJ 3473",27.36440000,2.63000000,7.41000000,15.50900000000,329.10,"M4",3347.00,0.360000,2020
"GJ 3473 b","GJ 3473",27.36440000,1.26400000,1.86000000,1.19800350000,773.00,"M4",3347.00,0.360000,2020
"HD 20794 b","HD 20794",6.00278000,1.45000000,2.70000000,18.31400000000,660.00,"G6 V",5368.00,0.790000,2011
"GJ 887 b","GJ 887",3.28679000,1.80000000,3.90000000,9.26190000000,426.00,"M1 V",3688.00,0.495000,2020
"LHS 1903 d","LHS 1903",35.69170000,2.50000000,5.96000000,12.56628700000,442.00,"M",3664.00,0.538000,2026
"HIP 19976 b","HIP 19976",40.27070000,4.94000000,21.61233168,50.65905000000,,,4316.00,0.670000,2022
"HD 89744 b","HD 89744",38.63640000,12.60000000,2653.88050000,256.78000000000,,"F7 V",6291.00,1.860000,1999
"HIP 12961 b","HIP 12961",23.37100000,13.20000000,114.41880000,57.43500000000,,"M0",3901.00,0.690000,2010
"tau Cet f","tau Cet",3.60304000,1.81000000,3.93000000,636.13000000000,,"G8.5V",5310.00,0.783000,2017
"HD 141004 b","HD 141004",11.81480000,3.77000000,13.63483866,15.50830000000,,"G0Vvar",5885.38,1.051904,2021
"HD 189567 c","HD 189567",17.90550000,2.54000000,7.00000000,33.68800000000,,"G3 V",5726.00,0.830000,2021
"HD 75898 b","HD 75898",78.05050000,13.20000000,810.46243785,422.82000000000,,"F8 V",6122.00,1.295000,2007
"TOI-763 c","TOI-763",95.12740000,2.63000000,9.32000000,12.27370000000,800.00,"G",5450.00,0.917000,2020
"TOI-824 b","TOI-824",63.92620000,2.92600000,18.46700000,1.39297800000,1253.00,"K4 V",4600.00,0.710000,2020
"GJ 251 b","GJ 251",5.58057000,1.79000000,3.85000000,14.23700000000,336.00,"M3.0 V",3342.00,0.350000,2020
"HD 103949 b","HD 103949",26.49970000,3.35000000,11.20000000,120.87800000000,,"K3 V",4792.00,0.770000,2019
"HD 164922 b","HD 164922",22.00160000,13.30000000,116.00000000,1207.00000000000,159.40,"G9 V",5390.00,0.926000,2005
"HIP 71135 b","HIP 71135",32.33110000,4.55000000,18.80000000,87.19000000000,,"M1",4146.00,0.660000,2019
"GJ 15 A b","GJ 15 A",3.56228000,1.55000000,3.03000000,11.44070000000,550.00,"M1",3607.00,0.380000,2014
"TOI-1231 b","TOI-1231",27.62270000,3.65000000,15.40000000,24.24558600000,329.60,"M3 V",3553.00,0.485000,2021
"HD 73526 b","HD 73526",97.23960000,13.10000000,978.91640000,188.30000000000,,"G6 V",5601.00,1.140000,2002
"TOI-1062 b","TOI-1062",82.17330000,2.26500000,10.15000000,4.11296000000,1077.00,"G9 V",5328.00,0.940000,2021
"TOI-257 b","TOI-257",76.90280000,7.16253867,43.86032017,18.38818000000,1027.00,,6095.00,1.407000,2021
"K2-344 b","K2-344",75.16910000,1.59000000,3.15000000,3.35585000000,722.00,,4374.00,0.510000,2021
"TOI-1749 d","TOI-1749",99.55610000,2.52000000,15.00000000,9.04970000000,533.00,"M0 V",3985.00,0.580000,2021
"TOI-674 b","TOI-674",46.08510000,5.25000000,23.60000000,1.97714300000,635.00,"M2 V",3514.00,0.420000,2021
"TOI-1062 c","TOI-1062",82.17330000,3.10000000,9.78000000,7.97200000000,859.00,"G9 V",5328.00,0.940000,2021
"HD 5278 b","HD 5278",57.58460000,2.45000000,7.80000000,14.33915600000,943.00,"F V",6203.00,1.126000,2021
"HD 154857 b","HD 154857",63.44820000,13.30000000,778.68350000,408.60001000000,,"G5 V",5589.00,1.960000,2004
"TOI-269 b","TOI-269",57.02250000,2.77000000,8.80000000,3.69771040000,531.00,"M2 V",3514.00,0.391700,2021
"HD 213240 b","HD 213240",40.87070000,12.80000000,1655.88600047,882.70001000000,,"G0/1 V",5979.00,1.570000,2001
"55 Cnc B b","55 Cnc B",12.47730000,1.69000000,3.50000000,6.79940000000,,"M4.5 V",3286.00,0.260000,2025
"GJ 4274 c","GJ 4274",7.23556000,2.83000000,8.39000000,69.57000000000,,"M4.5 V",3228.00,0.180000,2026
"55 Cnc c","55 Cnc",12.58550000,8.51000000,54.47380000,44.39360000000,,"G8 V",5198.00,1.015000,2004
"61 Vir c","61 Vir",8.50332000,4.46000000,18.20000000,38.02100000000,,"G5 V",5577.00,0.942000,2009
"TRAPPIST-1 f","TRAPPIST-1",12.42988881,1.04500000,1.03900000,9.20754000000,217.70,"M8.0 V",2566.00,0.089800,2017
"TRAPPIST-1 e","TRAPPIST-1",12.42988881,0.92000000,0.69200000,6.10101300000,249.70,"M8.0 V",2566.00,0.089800,2017
"TRAPPIST-1 g","TRAPPIST-1",12.42988881,1.12900000,1.32100000,12.35244600000,197.30,"M8.0 V",2566.00,0.089800,2017
"TOI-2257 b","TOI-2257",57.79110000,2.19400000,5.45000000,35.18934600000,256.00,"M3",3430.00,0.328000,2021
"LTT 1445 A c","LTT 1445 A",6.86929000,1.14700000,1.54000000,3.12390350000,508.00,"M3.0",3340.00,0.257000,2022
"HD 47186 b","HD 47186",37.45740000,5.02000000,22.24810000,4.08450000000,,"G6 V",5657.00,0.960000,2008
"BD-08 2823 b","BD-08 2823",41.33420000,,2948.49413174,5.60000000000,,"K3 V",4816.00,0.500000,2009
"HD 10180 c","HD 10180",38.96070000,,2741.58783878,5.75969000000,,"G1 V",5911.00,1.060000,2010
"HD 72659 b","HD 72659",51.89490000,13.20000000,949.67128012,3549.00000000000,,"G2 V",5929.00,1.033000,2002
"TRAPPIST-1 h","TRAPPIST-1",12.42988881,0.75500000,0.32600000,18.77286600000,171.70,"M8.0 V",2566.00,0.089800,2017
"HD 75302 b","HD 75302",30.32880000,12.80000000,1716.27339780,4356.00000000000,,"G5 V",5697.46,1.060000,2023
"HD 23472 c","HD 23472",39.03410000,1.87000000,3.41000000,29.79749000000,467.00,"K4 V",4684.00,0.670000,2019
"HD 192310 c","HD 192310",8.79687000,5.25000000,24.00000000,525.80000000000,185.00,"K3V",5166.00,0.800000,2011
"HD 195019 b","HD 195019",37.66810000,13.00000000,1264.96340000,18.20132000000,,"G3 IV-V",5751.00,1.210000,1998
"HD 24085 b","HD 24085",54.90040000,3.46000000,11.80000000,2.04550000000,,"G0 V",6034.00,1.220000,2019
"TOI-1860 b","TOI-1860",45.86400000,1.31000000,2.27000000,1.06621070000,1885.00,"G V",5752.00,0.990000,2022
"HD 69830 c","HD 69830",12.55910000,3.46000000,11.80000000,31.56000000000,,"K0V",5385.00,0.860000,2006
"HD 10647 b","HD 10647",17.33570000,13.80000000,298.75000000,989.20000000000,,"F9 V",6218.00,1.110000,2006
"HD 219134 b","HD 219134",6.53127000,1.60200000,4.74000000,3.09292600000,1015.00,"K3 V",4699.00,0.810000,2015
"rho CrB d","rho CrB",17.46710000,4.94000000,21.60000000,282.20000000000,,"G0 V",5817.00,0.950000,2023
"HD 153557 c","HD 153557",17.94120000,4.36000000,17.48056238,15.27018000000,,"K0",4837.00,0.790000,2022
"HD 184010 c","HD 184010",60.79930000,11.80000000,95.34852210,484.30000000000,,"K0 III-IV",4971.00,1.350000,2022
"GJ 3512 c","GJ 3512",9.48637000,14.30000000,143.97626837,2354.00000000000,,"M5.5 V",3141.00,0.123000,2020
"HD 4732 b","HD 4732",54.78410000,13.40000000,631.20721630,371.74000000000,,"K0 IV",4898.00,1.390000,2012
"TOI-2445 b","TOI-2445",48.58200000,1.25000000,2.10000000,0.37112810000,1060.00,,3333.00,0.250000,2022
"HIP 109600 b","HIP 109600",66.33610000,13.20000000,851.78440000,232.08000000000,,"G5",5530.00,0.870000,2016
"TOI-836.01","TOI-836",27.50240000,2.58700000,9.60000000,8.59545000000,665.00,"K V",4552.00,0.678000,2021
"TOI-206 b","TOI-206",47.74650000,1.30000000,2.24000000,0.73631040000,910.00,,3383.00,0.350000,2022
"TOI-1064 b","TOI-1064",68.07260000,2.58700000,13.50000000,6.44386800000,784.00,,4734.00,0.748000,2022
"TOI-1064 c","TOI-1064",68.07260000,2.65100000,2.50000000,12.22657400000,634.00,,4734.00,0.748000,2022
"HD 220773 b","HD 220773",50.51030000,13.60000000,460.80000000,3724.70000000000,,"F9",5940.00,1.160000,2011
"HD 130322 b","HD 130322",31.87660000,13.70000000,365.49000000,10.70871000000,720.00,"K0 V",5387.00,0.920000,1999
"GJ 2056 b","GJ 2056",28.44340000,4.17000000,16.20000000,69.97100000000,,"M0V:",4069.95,0.620000,2020
"TOI-2081 b","TOI-2081",62.34460000,2.04000000,4.82000000,10.50534000000,488.00,"M1.0",3800.00,0.540000,2022
"TOI-4479 b","TOI-4479",80.65320000,2.82000000,8.35000000,1.15890000000,861.00,"M3.0",3400.00,0.452000,2022
"TOI-500 c","TOI-500",47.39240000,2.09000000,5.03000000,6.63560000000,,"K6 V",4440.00,0.740000,2022
"TOI-2136 b","TOI-2136",33.36310000,2.19000000,6.37000000,7.85192800000,395.00,"M4.5 V",3342.00,0.340000,2022
"TOI-1759 b","TOI-1759",40.06540000,3.14000000,10.80000000,18.85019000000,443.00,"M0.0 V",4065.00,0.606000,2022
"HD 68402 b","HD 68402",78.42930000,12.60000000,2510.84441530,1103.00000000000,,"G5 IV/V",5950.00,1.120000,2016
"omi CrB b","omi CrB",84.78830000,13.70000000,355.96781584,187.01000000000,,"K0 III",4769.00,1.300000,2012
"K2-25 b","K2-25",44.95650000,3.44000000,24.50000000,3.48456408000,494.00,"M4.5 V",3207.00,0.263400,2015
"TOI-500 b","TOI-500",47.39240000,1.16600000,1.42000000,0.54817700000,1617.00,"K6 V",4440.00,0.740000,2022
"GJ 3929 b","GJ 3929",15.80950000,1.09000000,1.75000000,2.61623500000,568.00,"M3.5 V",3384.00,0.313000,2022
"GJ 3929 c","GJ 3929",15.80950000,2.26000000,5.71000000,15.04000000000,317.00,"M3.5 V",3384.00,0.313000,2022
"HD 260655 c","HD 260655",10.00550000,1.53300000,3.09000000,5.70588000000,557.00,"M0 V",3803.00,0.439000,2022
"HD 260655 b","HD 260655",10.00550000,1.24000000,2.14000000,2.76953000000,709.00,"M0 V",3803.00,0.439000,2022
"HD 564 b","HD 564",51.16590000,12.50000000,104.88000000,492.30000000000,,"G2/G3 V",5902.00,0.961000,2014
"TOI-620 b","TOI-620",33.02310000,3.76000000,13.60000000,5.09881790000,603.60,"M2.5 V",3708.00,0.577000,2022
"HD 73583 b","HD 73583",31.56660000,2.79000000,10.20000000,6.39804200000,714.00,"K4 V",4511.00,0.730000,2022
"HD 73583 c","HD 73583",31.56660000,2.39000000,9.70000000,18.87974000000,498.00,"K4 V",4511.00,0.730000,2022
"HD 194490 b","HD 194490",80.23490000,12.40000000,3561.90295725,13092.18348000000,,,5861.32,1.060000,2022
"GJ 887 e","GJ 887",3.28679000,1.12000000,1.46000000,4.42490000000,544.00,"M1 V",3688.00,0.495000,2026
"AU Mic d","AU Mic",9.72210000,1.02000000,1.05300000,12.73596000000,,"M1 V",3678.00,0.510000,2023
"HD 15337 c","HD 15337",44.81550000,2.52600000,6.79200000,17.18054600000,656.10,"K1 V",5131.00,0.829000,2019
"LTT 9779 b","LTT 9779",80.43730000,4.72000000,29.32000000,0.79205200000,1978.00,"G7 V",5443.00,1.020000,2020
"HD 20868 b","HD 20868",47.72230000,13.70000000,397.28750000,380.85001000000,,"K3/4 IV",4802.00,0.390000,2008
"TOI-1452 b","TOI-1452",30.52120000,1.67200000,4.82000000,11.06201000000,326.00,"M4 +/- 0.5 V",3185.00,0.249000,2022
"HD 18599 b","HD 18599",38.56530000,2.60000000,24.10000000,4.13743540000,863.00,"K2 V",5145.00,0.863000,2022
"TOI-1075 b","TOI-1075",61.45920000,1.79100000,9.95000000,0.60473280000,1323.00,"K9 V/M0 V",3875.00,0.604000,2022
"TOI-969 b","TOI-969",77.25540000,2.76500000,9.10000000,1.82373050000,941.00,"K V",4435.00,0.734000,2022
"Kepler-138 e","Kepler-138",66.86240000,0.79700000,0.43000000,38.23000000000,292.00,"M1 V",3841.00,0.535000,2022
"HD 114082 b","HD 114082",95.39060000,11.20898070,2542.62725600,109.75000000000,,"F3 V",6651.00,1.470000,2022
"HD 216520 b","HD 216520",19.55200000,3.18000000,10.26000000,35.45000000000,,"K2",5103.00,0.820000,2020
"DMPP-1 b","DMPP-1",62.53880000,4.26000000,16.80000000,17.81200000000,877.00,"F8 V",6196.00,1.210000,2019
"DMPP-1 c","DMPP-1",62.53880000,3.31000000,10.94000000,10.03000000000,1239.00,"F8 V",6196.00,1.210000,2019
"75 Cet c","75 Cet",82.96130000,13.90000000,289.85950718,2051.62000000000,,"G3 III",4809.00,1.920000,2023
"TOI-1695 b","TOI-1695",45.13090000,1.90000000,6.36000000,3.13427910000,698.00,"M1 V",3690.00,0.513000,2022
"HD 207832 b","HD 207832",58.92910000,14.20000000,177.98480000,160.07000000000,,"G5 V",5726.00,1.050000,2012
"TOI-700 b","TOI-700",31.12650000,0.91400000,0.70400000,9.97721900000,417.00,"M2.5 V",3459.00,0.415000,2020
"TOI-1260 c","TOI-1260",73.59770000,2.76000000,13.20000000,7.49313400000,651.00,"K6 V",4227.00,0.679000,2021
"TOI-1260 d","TOI-1260",73.59770000,3.12000000,11.84000000,16.60816400000,499.00,"K6 V",4227.00,0.679000,2022
"GJ 3138 c","GJ 3138",28.47120000,1.88000000,4.18000000,5.97400000000,,"M0",3717.00,0.681000,2017
"TOI-2133 b","TOI-2133",75.19730000,2.37000000,6.21000000,3.82664720000,798.00,,4250.00,0.644000,2026
"LHS 1903 c","LHS 1903",35.69170000,2.04600000,4.55000000,6.22618500000,559.00,"M",3664.00,0.538000,2026
"HD 191939 b","HD 191939",53.60890000,3.41000000,10.00000000,8.88032560000,880.00,"G9 V",5348.00,0.810000,2020
"HIP 948 b","HIP 948",34.85230000,12.10000000,6547.26518420,24955.45756000000,,,4497.00,0.710000,2022
"HD 65216 b","HD 65216",35.12050000,13.60000000,411.58985000,577.60000000000,,"G5 V",5612.00,0.874000,2003
"HD 65216 c","HD 65216",35.12050000,13.40000000,645.19490000,5370.00000000000,,"G5 V",5612.00,0.874000,2013
"HIP 65407 c","HIP 65407",61.78040000,13.90000000,249.17872000,67.30000000000,,"K0",5460.00,0.930000,2016
"TOI-700 e","TOI-700",31.12650000,0.95300000,0.81800000,27.80978000000,272.90,"M2.5 V",3459.00,0.415000,2023
"HD 38283 b","HD 38283",38.06150000,14.00000000,127.13200000,363.20001000000,,"F9.5 V",5981.00,1.370000,2010
"HD 188015 b","HD 188015",50.67060000,13.60000000,476.72000000,461.20000000000,,"G5 IV",5746.00,1.090000,2004
"DMPP-1 d","DMPP-1",62.53880000,2.02000000,4.72000000,3.14170000000,1632.00,"F8 V",6196.00,1.210000,2019
"TOI-411 c","HD 22946",62.77920000,2.32800000,9.72000000,9.57308300000,931.00,"F7/F8V",6169.00,1.098000,2022
"HD 40307 c","HD 40307",12.93630000,,1868.51320475,9.61840000000,696.00,"K2.5 V",4956.00,0.770000,2009
"HD 7199 b","HD 7199",36.15310000,,3639.13526015,615.00000000000,,"K1 IV",5371.00,0.770000,2011
"K2-136 d","K2-136",59.24740000,1.56500000,3.00000000,25.57500000000,420.00,"K5.5",4500.00,0.742000,2017
"GJ 251 c","GJ 251",5.58057000,1.80000000,3.88000000,53.64700000000,216.00,"M3.0 V",3342.00,0.350000,2025
"GJ 649 b","GJ 649",10.37960000,10.80000000,81.99972901,600.10000000000,,"M1.0",3734.00,0.510000,2009
"HD 222582 b","HD 222582",42.15860000,12.60000000,2660.23710000,572.38000000000,,"G5 V",5790.00,1.120000,1999
"GJ 849 c","GJ 849",8.80058000,13.80000000,314.65012293,5990.00000000000,,"M3.5",3467.00,0.450000,2014
"HD 49674 b","HD 49674",43.03990000,6.20000000,31.78300000,4.94737000000,,"G5 V",5602.00,1.030000,2002
"HIP 70849 b","HIP 70849",24.05720000,12.90000000,1430.22783150,3649.00000000000,,"K7 V",4105.00,0.650000,2009
"TOI-2096 c","TOI-2096",48.48090000,1.91400000,4.32000000,6.38784000000,349.00,"M4",3300.00,0.231000,2023
"TOI-733 b","TOI-733",75.20920000,1.99200000,5.72000000,4.88476500000,1055.80,"G",5585.00,0.956000,2023
"HD 80883 b","HD 80883",34.60110000,12.80000000,1748.05623850,6383.78352000000,,,5177.91,0.880000,2022
"K2-141 b","K2-141",61.87360000,1.51000000,4.97000000,0.28032440000,2103.00,"K7 V",4570.00,0.708000,2018
"K2-141 c","K2-141",61.87360000,7.00000000,8.00000000,7.74850000000,695.00,"K7 V",4570.00,0.708000,2018
"HD 125595 b","HD 125595",28.19890000,,3531.07360177,9.67370000000,,"K4 V",4691.00,0.290000,2009
"HD 179079 b","HD 179079",69.71160000,,4195.33497240,14.47900000000,,"G5 IV",5646.00,1.140000,2008
"K2-136 c","K2-136",59.24740000,3.00000000,18.10000000,17.30713000000,470.00,"K5 V",4500.00,0.742000,2017
"TOI-270 c","TOI-270",22.47930000,2.33000000,6.20000000,5.66051000000,489.00,"M",3506.00,0.386000,2019
"K2-72 e","K2-72",66.43210000,1.29000000,2.21000000,24.15886800000,,,3360.47,0.271365,2016
"HD 25171 b","HD 25171",55.61460000,13.90000000,290.81445000,1802.29000000000,,"F8 V",6125.00,1.076000,2010
"TOI-913 b","TOI-913",65.17690000,2.45280000,6.59000000,11.09864400000,712.01,,4969.00,0.820000,2023
"HD 155918 c","HD 155918",27.56100000,12.80000000,1878.04805696,17202.19446000000,,"G2V",5771.84,1.030000,2022
"HD 15906 b","HD 15906",45.56210000,2.24000000,5.65000000,10.92470900000,668.00,"K V",4757.00,0.790000,2023
"TOI-5704 b","TOI-5704",89.63700000,3.22740000,10.50000000,3.77111600000,949.07,,4590.00,0.730000,2023
"HD 34445 e","HD 34445",46.09070000,4.26000000,16.80000000,49.17500000000,,"G0 V",5836.00,1.070000,2017
"GJ 680 b","GJ 680",9.67315000,12.00000000,7977.49301570,17281.66514000000,,"K5",3563.00,0.456000,2022
"Kepler-37 c","Kepler-37",63.92070000,0.75500000,1.30000000,21.30184800000,615.00,,5357.00,0.790000,2013
"Kepler-37 b","Kepler-37",63.92070000,0.30980000,0.79000000,13.36702000000,718.00,,5357.00,0.790000,2013
"TOI-715 b","TOI-715",42.40480000,1.55000000,3.02000000,19.28800400000,234.00,"M4",3075.00,0.225000,2023
"HIP 48714 b","HIP 48714",10.52980000,5.11000000,22.90000000,17.81800000000,,"M0.5 Ve",4015.50,0.580000,2020
"rho CrB b","rho CrB",17.46710000,13.70000000,347.38644885,39.84380000000,614.00,"G0 V",5817.00,0.950000,1997
"HD 4308 b","HD 4308",22.01580000,4.12000000,15.89150000,15.56000000000,,"G5V",5686.00,0.930000,2005
"GJ 1252 b","GJ 1252",20.37300000,1.19300000,1.32000000,0.51823310000,1089.00,"M3",3458.00,0.381000,2020
"HD 217786 c","HD 217786",55.48470000,2.61000000,7.31005336,2.52221000000,,"F8 V",5966.00,1.140000,2022
"TOI-244 b","TOI-244",22.03370000,1.52000000,2.68000000,7.39722500000,458.00,"M2.5 V",3433.00,0.428000,2023
"HD 64114 b","HD 64114",31.52620000,4.41000000,17.80000000,45.79100000000,,"G7 V",5676.00,0.950000,2019
"HD 191939 c","HD 191939",53.60890000,3.19500000,8.00000000,28.57974300000,600.00,"G9 V",5348.00,0.810000,2020
"TOI-1243 b","TOI-1243",43.18650000,2.33000000,7.70000000,4.65947790000,450.00,"M2.0 V",3515.00,0.515000,2026
"HD 191939 d","HD 191939",53.60890000,2.99500000,2.80000000,38.35303700000,540.00,"G9 V",5348.00,0.810000,2020
"HD 108236 c","HD 108236",64.59780000,2.07100000,4.94000000,6.20344900000,932.00,"G3 V",5660.00,0.869000,2020
"HD 151450 b","HD 151450",43.60020000,6.94000000,38.45723725,21.89288000000,,,6091.98,1.140000,2022
"TOI-139 b","TOI-139",42.40610000,2.45660000,6.60000000,11.07085000000,561.17,,4570.00,0.690000,2023
"TOI-672 b","TOI-672",66.90710000,5.26040000,24.10000000,3.63357500000,676.15,,3765.00,0.539900,2023
"HIP 5158 b","HIP 5158",51.60260000,13.60000000,451.00000000,345.72000000000,,,4962.00,0.780000,2009
"HD 136118 b","HD 136118",51.43590000,12.30000000,4164.18778851,1187.59765000000,,"F7 V",6097.00,1.180000,2022
"GJ 357 b","GJ 357",9.44181000,1.20000000,1.84000000,3.93060000000,518.00,"M2.5 V",3505.00,0.342000,2019
"TOI-2095 b","TOI-2095",41.91760000,1.25000000,4.10000000,17.66484000000,347.00,"M2.5 V",3759.00,0.440000,2023
"TOI-1470 c","TOI-1470",51.95030000,2.47000000,7.24000000,18.08816000000,373.00,"M1.5 V",3709.00,0.471000,2023
"HD 109271 c","HD 109271",55.87160000,5.27000000,24.15400000,30.93000000000,,"G5 V",5783.00,1.047000,2013
"HD 25912 b","HD 25912",49.16610000,6.90000000,38.13940884,41.83156000000,,,5920.58,1.080000,2022
"GJ 367 b","GJ 367",9.41263000,0.69900000,0.63300000,0.32192250000,1365.00,"M1.0 V",3522.00,0.455000,2021
"GJ 367 c","GJ 367",9.41263000,1.86000000,4.13000000,11.53010000000,,"M1.0 V",3522.00,0.455000,2023
"HD 210193 b","HD 210193",42.20290000,14.30000000,153.10000000,649.91800000000,,"G3 V",5790.00,1.040000,2019
"HIP 54597 b","HIP 54597",39.74290000,13.30000000,762.78817680,3274.00000000000,,"K5 V",4799.00,0.800000,2023
"TOI-1235 b","TOI-1235",39.63450000,1.69000000,6.69000000,3.44471400000,775.00,"M0.5 V",3997.00,0.630000,2020
"TOI-1680 b","TOI-1680",37.22090000,1.46600000,2.75000000,4.80263450000,404.00,"M4.5+/-0.5",3225.00,0.179800,2023
"TOI-2018 b","TOI-2018",27.99560000,2.26800000,9.20000000,7.43558300000,576.34,"K V",4174.00,0.570000,2023
"GJ 180 d","GJ 180",11.94070000,2.66000000,7.56000000,106.30000000000,,"M3",3371.00,0.430000,2020
"eps CrB b","eps CrB",69.86830000,12.70000000,2129.46100000,417.90000000000,,"K2 III",4406.00,1.700000,2012
"GJ 685 b","GJ 685",14.31550000,2.95000000,9.00000000,24.16000000000,,"M0.5",3816.00,0.550000,2019
"K2-3 c","K2-3",44.07270000,1.58200000,2.68000000,24.64672900000,371.80,"M V",3844.00,0.549000,2015
"K2-3 d","K2-3",44.07270000,1.45800000,2.20000000,44.55603000000,305.20,"M V",3844.00,0.549000,2015
"HD 11964 b","HD 11964",33.53690000,14.10000000,198.00000000,1945.00000000000,,"G9 V CN+1",5303.00,0.910000,2005
"HD 132406 b","HD 132406",70.78320000,12.80000000,1887.90073758,908.00000000000,,"G0 V",5766.00,0.973000,2007
"DMPP-3 A b","DMPP-3 A",46.89170000,1.44000000,2.67000000,5.59000000000,854.00,"K0 V",5138.00,0.900000,2019
"TOI-1801 b","TOI-1801",30.67960000,2.07900000,5.73800000,10.64387000000,493.70,"M0.5+/-0.5 V",3863.00,0.556000,2023
"LHS 475 b","LHS 475",12.48140000,0.99100000,0.94100000,2.02908800000,586.00,"M3.5 V",3300.00,0.262000,2023
"pi Men c","HD 39091",18.27020000,2.01890000,3.63000000,6.26783990000,1169.80,"G0 V",5998.00,1.070000,2018
"HIP 38594 b","HIP 38594",17.78860000,2.77000000,8.10000000,60.72200000000,,"M0",4086.30,0.610000,2020
"G 264-012 c","G 264-012",16.00900000,1.76000000,3.75000000,8.05180000000,387.00,"M4.0 V",3326.00,0.297000,2021
"HD 128311 b","HD 128311",16.32920000,13.50000000,562.24127000,453.01900000000,,"K0",4965.00,0.828000,2002
"HIP 113103 c","HIP 113103",46.21220000,2.40000000,6.35000000,14.24564800000,585.00,,4930.00,0.761000,2023
"GJ 3942 b","GJ 3942",16.92870000,2.57000000,7.14000000,6.90500000000,590.00,"M0",3867.00,0.630000,2017
"HD 110067 f","HD 110067",32.15850000,2.60100000,5.04000000,41.05854000000,489.00,"K0.0 V",5266.00,0.798000,2023
"HD 11506 b","HD 11506",51.26100000,12.90000000,1551.00262616,1617.70000000000,,"G0 V",6123.00,1.220000,2007
"HD 110067 e","HD 110067",32.15850000,1.94000000,3.90000000,30.79309100000,533.00,"K0.0 V",5266.00,0.798000,2023
"HD 110067 c","HD 110067",32.15850000,2.38800000,6.30000000,13.67369400000,699.00,"K0.0 V",5266.00,0.798000,2023
"HD 147018 c","HD 147018",40.42560000,12.70000000,2080.00000000,1008.00000000000,,"G9 V",5441.00,0.927000,2009
"GJ 2126 b","GJ 2126",38.12900000,13.60000000,413.17692910,272.70000000000,,"M0 V",4159.00,0.650000,2025
"HD 1605 b","HD 1605",88.80470000,13.80000000,296.85322000,577.20000000000,,"K1 IV",4915.00,1.330000,2015
"alf Tau b","alf Tau",20.43320000,12.70000000,2056.36010000,628.96000000000,,"K5 III",4055.00,1.130000,2015
"mu Leo b","mu Leo",32.60810000,13.30000000,762.80000000,357.80000000000,,"K2 III",4538.20,1.500000,2014
"HD 20794 d","HD 20794",6.00278000,2.04000000,4.80000000,89.68000000000,388.00,"G6 V",5368.00,0.790000,2011
"HD 39194 c","HD 39194",26.41310000,2.65000000,7.49000000,14.03090000000,,"K0 V",5205.00,0.860000,2021
"HD 108874 c","HD 108874",59.51750000,13.80000000,314.64000000,1624.00000000000,,"G5",5551.00,0.950000,2005
"HD 41004 A b","HD 41004 A",36.69117000,13.20000000,807.25000000,963.00000000000,,"K1/K2 V",5310.00,0.950000,2004
"TOI-238 c","TOI-238",80.54070000,2.18000000,6.70000000,8.46565100000,696.00,"K2V",5059.00,0.790000,2024
"HD 181720 b","HD 181720",60.20460000,14.00000000,127.13200000,956.00000000000,,"G1 V",5736.00,1.030000,2009
"HIP 91258 b","HIP 91258",45.88460000,13.70000000,346.43470000,5.05050000000,,"G5 V",5519.00,0.970000,2013
"HD 142022 A b","HD 142022 A",34.28020000,12.90000000,1433.40611557,1928.00000000000,,"G9 IV-V",5421.00,0.900000,2005
"GJ 896 A b","GJ 896 A",6.26022000,13.30000000,718.29219982,284.39000000000,,"M3.5 V",3345.00,0.435990,2022
"HD 168009 b","HD 168009",23.30320000,3.05000000,9.53485221,15.14790000000,,"G2V",5778.33,0.986073,2021
"HD 98736 b","HD 98736",32.44590000,13.30000000,740.54390000,968.80000000000,,"G5",5271.00,0.920000,2018
"HD 34445 b","HD 34445",46.09070000,13.90000000,260.62060000,1049.00000000000,,"G0 V",5879.00,1.140000,2009
"GJ 3222 b","GJ 3222",18.23817000,3.40000000,11.44182265,10.66669000000,,"K0V",5257.46,0.890000,2022
"TOI-544 c","TOI-544",41.11660000,4.92000000,21.50000000,50.08900000000,,,4169.00,0.631000,2023
"HD 48265 b","HD 48265",90.54460000,12.60000000,2351.93021180,778.51000000000,,"G5 IV/V",5733.00,1.312000,2008
"HD 20794 e","HD 20794",6.00278000,2.03000000,4.77000000,147.02000000000,,"G8",5401.00,0.813000,2017
"2MASS J21252752-8138278 b","2MASS J21252752-8138278",34.11540000,12.40000000,3813.94088400,,1616.00,,3592.00,0.643977,2024
"HD 18143 b","HD 18143",22.52430000,3.28000000,10.80616584,10.28510000000,,"K2",5078.00,0.850000,2022
"BD+60 1417 b","BD+60 1417",44.95430000,14.68376472,4767.42610500,,1303.00,"K0",4993.00,1.000000,2021
"GJ 9827 c","GJ 9827",29.66100000,1.13000000,1.86000000,3.64810300000,715.94,"K7 V",4236.00,0.620000,2017
"GJ 273 c","GJ 273",5.92153500,1.06000000,1.18000000,4.72340000000,,"M3.5",3382.00,0.290000,2017
"Kepler-446 c","Kepler-446",96.33900000,1.11000000,1.41000000,3.03617900000,520.00,"M4",3359.00,0.220000,2015
"HD 2039 b","HD 2039",85.69220000,12.70000000,1999.15070000,1120.00000000000,,"G2/G3 IV/V",5945.00,1.230000,2002
"HD 38529 c","HD 38529",42.35380000,12.50000000,3299.05886466,2127.60566000000,,"G4 IV",5697.00,0.980000,2000
"TOI-904 b","TOI-904",46.08910000,2.42600000,6.46000000,10.87720000000,429.43,,3770.20,0.557000,2023
"TOI-904 c","TOI-904",46.08910000,2.16700000,5.34000000,83.99970000000,217.26,,3770.20,0.557000,2023
"TOI-4860 b","TOI-4860",80.14230000,8.70000000,86.70000000,1.52275910000,694.00,"M3.5 V",3260.00,0.340000,2023
"LHS 1678 c","LHS 1678",19.87820000,0.94100000,1.40000000,3.69428400000,510.90,"M2.0 V",3490.00,0.345000,2021
"LHS 1140 b","LHS 1140",14.98610000,1.73000000,5.60000000,24.73723000000,226.00,"M4.5 V",3096.00,0.184400,2017
"LHS 1140 c","LHS 1140",14.98610000,1.27200000,1.91000000,3.77794000000,422.00,"M4.5 V",3096.00,0.184400,2018
"HD 39194 d","HD 39194",26.41310000,2.12000000,5.16000000,33.87400000000,,"K0 V",5205.00,0.860000,2021
"HD 89839 b","HD 89839",57.30630000,12.80000000,1748.05623850,3391.20000000000,,"F7 V",6314.00,1.210000,2023
"HD 104067 b","HD 104067",20.36320000,9.20000000,62.10000000,55.85100000000,,"K2V",4952.00,0.820000,2009
"TOI-4438 b","TOI-4438",30.03460000,2.52000000,5.40000000,7.44628000000,435.00,"M3.5 V",3422.00,0.368000,2024
"HD 104067 c","HD 104067",20.36320000,3.69000000,13.20000000,13.89920000000,,"K2V",4952.00,0.820000,2024
"LHS 1678 d","LHS 1678",19.87820000,0.98100000,0.90700000,4.96522290000,462.95,"M2.0 V",3490.00,0.345000,2024
"HD 93083 b","HD 93083",28.51590000,13.40000000,117.59000000,143.58000000000,,"K3 V",4995.00,0.700000,2005
"HD 88986 b","HD 88986",33.26730000,2.49000000,17.20000000,146.05000000000,460.00,"G2 V",5861.00,1.250000,2023
"TOI-1136 c","TOI-1136",84.53620000,2.87900000,6.32000000,6.25740000000,1062.00,,5770.00,1.022000,2022
"HD 331093 b","HD 331093",50.19280000,13.60000000,476.74261050,621.62000000000,,"K0",5544.00,1.030000,2021
"TOI-815 b","TOI-815",59.71170000,2.94000000,7.60000000,11.19725900000,686.00,"K3 V",4869.00,0.776000,2024
"HD 179949 b","HD 179949",27.45730000,13.90000000,291.12000000,3.09251400000,,"F8 V",6168.00,1.210000,2000
"TOI-871 b","TOI-871",68.04730000,1.66400000,3.41000000,14.36256500000,621.00,,4929.00,0.758000,2024
"TOI-2068 b","TOI-2068",52.93280000,1.82100000,3.97000000,7.76891500000,520.62,,3710.00,0.559000,2024
"TOI-2406 b","TOI-2406",55.41900000,2.86000000,15.60000000,3.07668910000,449.00,"M4 V",3100.00,0.166000,2021
"HD 60532 b","HD 60532",25.97160000,13.80000000,336.89980000,201.90000000000,,"F6 IV",6245.00,1.500000,2008
"HD 60532 c","HD 60532",25.97160000,13.30000000,797.75330000,600.10000000000,,"F6 IV",6245.00,1.500000,2008
"TOI-1448 b","TOI-1448",73.33450000,2.74900000,19.50000000,8.11224500000,426.00,,3412.00,0.372000,2024
"TOI-4633 c","TOI-4633",95.20160000,3.20000000,123.00000000,271.94450000000,268.57,"G V",5800.00,1.100000,2024
"TOI-776 c","TOI-776",27.17010000,2.04700000,6.90000000,15.66532300000,420.00,"M1 V",3725.00,0.542000,2020
"TOI-6008 b","TOI-6008",23.10080000,1.03000000,4.00000000,0.85743470000,707.00,"M5.0",3075.00,0.230000,2024
"TOI-6086 b","TOI-6086",31.45660000,1.18000000,1.76000000,1.38887250000,634.00,"M3.0",3200.00,0.254000,2024
"HD 42618 b","HD 42618",24.33580000,3.89000000,14.40000000,149.61000000000,337.00,"G4 V",5727.00,1.015000,2016
"HD 141399 b","HD 141399",37.01690000,14.30000000,143.34133000,94.44000000000,,"K0",5600.00,1.070000,2014
"HD 141399 c","HD 141399",37.01690000,13.60000000,422.71390000,201.99000000000,,"K0",5600.00,1.070000,2014
"HD 141399 e","HD 141399",37.01690000,14.10000000,209.76780000,5000.00000000000,,"K0",5600.00,1.070000,2014
"HD 108236 e","HD 108236",64.59780000,3.08300000,9.71000000,19.59002500000,636.00,"G3 V",5660.00,0.869000,2020
"TOI-1233.01","HD 108236",64.59780000,2.53900000,6.98000000,14.17568500000,708.00,"G3 V",5660.00,0.869000,2021
"2MASS J01033563-5515561 AB b","2MASS J01033563-5515561 A",47.20000000,12.30000000,4131.79000000,,,"M5.5/M6",,0.190000,2013
"HD 11506 c","HD 11506",51.26100000,14.00000000,127.13136280,223.92000000000,,"G0 V",6123.00,1.220000,2008
"HIP 74890 b","HIP 74890",78.65620000,13.30000000,762.79200000,822.30000000000,,"K1 III",4850.00,1.740000,2016
"TOI-663 d","TOI-663",64.23080000,1.92000000,5.20000000,7.10272680000,482.00,"M1 V",3681.00,0.514000,2024
"HD 133131 A b","HD 133131 A",51.47360000,13.60000000,451.31860000,649.00000000000,,"G2 V",5799.00,0.950000,2016
"HD 133131 B b","HD 133131 B",51.29930000,13.30000000,794.57500000,5769.00000000000,,"G2 V",5805.00,0.930000,2016
"TOI-5082.01","TOI-5082",43.14060000,2.54811000,7.03000000,4.24012200000,1164.91,,5670.00,0.996650,2024
"HD 73344 b","HD 73344",35.26000000,2.88400000,10.48000000,15.61100000000,911.00,"F6 V",6252.60,1.200000,2024
"TOI-4527.01","TOI-4527",18.10370000,0.90866170,0.68900000,0.39944450000,1362.93,"M2V:",3702.00,0.483901,2024
"Kepler-1582 b","Kepler-1582",78.89060000,1.49000000,2.83000000,4.83817712000,354.00,,3208.00,0.280000,2016
"HD 63935 c","HD 63935",48.97390000,3.06451296,11.10000000,21.40270000000,619.59,,5513.00,0.940600,2021
"TOI-1710 b","TOI-1710",81.22710000,5.20315158,22.40000000,24.28337700000,602.99,"G5 V",5684.00,1.025800,2022
"HIP 97166 c","HIP 97166",65.95010000,2.75000000,8.00000000,16.43200000000,642.00,"K0 V",5216.00,0.934200,2021
"HIP 97166 b","HIP 97166",65.95010000,2.48013380,19.10000000,10.28891400000,701.66,"K0 V",5216.00,0.934200,2021
"K2-89 b","K2-89",86.03860000,0.61500000,0.17000000,1.09602600000,,,3691.00,0.347000,2016
"K2-116 b","K2-116",49.38550000,0.69000000,0.25700000,4.65541100000,,,4348.35,0.694512,2017
"K2-91 b","K2-91",62.57850000,1.10000000,1.37000000,1.41954900000,,,3622.00,0.292000,2016
"K2-72 c","K2-72",66.43210000,1.16000000,1.65000000,15.18903400000,,,3360.47,0.271365,2016
"HD 93963 A c","HD 93963 A",82.34320000,3.11976057,18.40000000,3.64513890000,1212.45,"G0 V",5908.00,1.084400,2022
"TOI-1451 b","TOI-1451",91.93620000,2.61143902,15.20000000,16.53794400000,723.33,,5801.00,1.002200,2024
"TOI-2267 d","TOI-2267 B",22.55000000,1.77000000,3.78000000,2.03446710000,422.00,"M6 V",3022.00,0.098900,2025
"GJ 1148 b","GJ 1148",11.01430000,11.90000000,96.70000000,41.38000000000,,"M5",3287.00,0.344045,2010
"GJ 1148 c","GJ 1148",11.01430000,9.71000000,68.06000000,532.58000000000,,"M5",3287.00,0.344045,2017
"HD 128717 b","HD 128717",73.63600000,12.10000000,6293.00245860,3420.00000000000,,,6210.00,1.212000,2025
"HD 17674 b","HD 17674",44.42640000,13.90000000,276.51210000,623.80000000000,,"G0 V",5904.00,0.980000,2017
"HD 42012 b","HD 42012",36.79840000,13.50000000,508.52800000,857.50000000000,,"K0",5405.00,0.830000,2017
"TOI-1776 b","TOI-1776",44.64700000,1.21612741,1.40000000,2.79986800000,1269.21,,5785.00,0.919600,2024
"HD 6061 b","HD 6061",67.62030000,2.42763557,10.00000000,5.25490000000,1075.31,,5934.00,1.026900,2023
"TOI-1443 b","TOI-1443",85.80340000,2.30381001,30.00000000,23.54067800000,520.66,,5224.00,0.766300,2024
"HD 59686 A b","HD 59686 A",89.27210000,12.70000000,2199.38360000,299.36000000000,,"K2 III",4658.00,1.900000,2016
"HD 34445 c","HD 34445",46.09070000,8.42000000,53.50000000,214.67000000000,,"G0 V",5836.00,1.070000,2017
"HD 25463 c","HD 25463",45.61810000,1.36354953,4.30000000,3.04405000000,1585.57,,6353.00,1.251000,2023
"HD 37124 c","HD 37124",31.66340000,14.10000000,207.22516000,885.50000000000,,"G4 V",5698.64,0.850000,2002
"HD 87646 b","HD 87646",73.58352000,12.40000000,3941.09200000,13.48100000000,,"G",5770.00,1.120000,2016
"HD 34445 g","HD 34445",46.09070000,13.60000000,120.60000000,5700.00000000000,,"G0 V",5836.00,1.070000,2017
"Wolf 1061 c","Wolf 1061",4.30592000,1.66000000,3.41000000,17.87190000000,,"M3.5",3342.00,0.294000,2015
"tau Cet h","tau Cet",3.60304000,1.19000000,1.83000000,49.41000000000,,"G8.5V",5310.00,0.783000,2017
"GJ 3293 b","GJ 3293",20.19030000,5.19000000,23.54000000,30.59870000000,,"M2.5",3466.00,0.420000,2015
"HD 219134 d","HD 219134",6.53127000,1.61000000,16.17000000,46.85900000000,410.50,"K3 V",4699.00,0.810000,2015
"HD 219134 g","HD 219134",6.53127000,3.28000000,10.80622000,94.20000000000,,"K3 V",4913.00,0.794000,2015
"rho CrB c","rho CrB",17.46710000,5.78000000,28.20000000,102.19000000000,448.10,"G0 V",5817.00,0.950000,2016
"GJ 3293 c","GJ 3293",20.19030000,4.87000000,21.09000000,122.61960000000,,"M2.5",3466.00,0.420000,2015
"HD 217107 b","HD 217107",20.06190000,13.60000000,459.57987652,7.12701660000,,"G",5622.00,1.045000,1998
"HD 9174 b","HD 9174",81.48930000,13.70000000,352.79130000,1179.00000000000,,"G8 IV",5577.00,1.030000,2016
"HD 23472 d","HD 23472",39.03410000,0.75000000,0.55000000,3.97664000000,909.00,"K4 V",4684.00,0.670000,2022
"HD 23472 b","HD 23472",39.03410000,2.00000000,8.32000000,17.66708700000,543.00,"K4 V",4684.00,0.670000,2019
"TOI-270 d","TOI-270",22.47930000,2.00000000,4.20000000,11.38194000000,383.00,"M3 V",3506.00,0.386000,2019
"HD 221585 b","HD 221585",55.85350000,13.50000000,511.70630000,1173.00000000000,,"G8 IV",5620.00,1.190000,2016
"K2-21 b","K2-21",83.64480000,1.84000000,4.04000000,9.32503800000,500.00,"M0.0",4222.06,0.676023,2015
"TOI-1736 c","TOI-1736",88.94820000,12.50000000,2800.00000000,571.25000000000,249.00,,5636.00,1.037300,2023
"TOI-757 b","TOI-757",60.34180000,2.50000000,10.50000000,17.46819000000,641.00,"K0 V",5278.00,0.800000,2024
"TOI-1011 b","TOI-1011",52.62000000,1.45000000,4.04000000,2.47049800000,1364.00,,5475.00,0.910000,2025
"HIP 116454 b","HIP 116454",62.44910000,2.46900000,9.70000000,9.10041570000,753.20,"K1",5048.00,0.800000,2014
"TOI-421 c","TOI-421",74.79690000,5.09000000,14.10000000,16.06754100000,635.00,"G9 V",5291.00,0.833000,2020
"HD 222076 b","HD 222076",91.15380000,13.50000000,495.81480000,871.00000000000,,"K0 III",4806.00,1.070000,2016
"HD 215152 d","HD 215152",21.59740000,,770.41605857,10.86499000000,,"K3 V",4935.00,0.770000,2018
"GJ 238 b","GJ 238",15.21420000,0.56600000,0.12600000,1.74469990000,758.00,"M2.5 V",3485.00,0.419300,2024
"HD 103197 b","HD 103197",57.14630000,5.83000000,28.60470000,47.84000000000,,"K1 V(P)",5250.00,0.800000,2009
"HD 109246 b","HD 109246",67.83490000,13.90000000,273.33380000,68.27000000000,,"G0 V",5844.00,1.200000,2010
"HD 183579 b","HD 183579",57.26510000,3.49000000,20.40000000,17.47129100000,752.00,"G2 V",5784.00,0.996000,2021
"HD 121504 b","HD 121504",41.65920000,13.60000000,479.92330000,63.33000000000,,"G2 V",6027.00,1.620000,2003
"L 98-59 e","L 98-59",10.61940000,1.49000000,2.82000000,12.82780000000,347.00,"M3 V",3415.00,0.292300,2021
"L 98-59 f","L 98-59",10.61940000,1.48000000,2.80000000,23.06400000000,285.00,"M3 V",3415.00,0.292300,2025
"TOI-1824 b","TOI-1824",59.43140000,2.74382690,16.00000000,22.80853300000,528.67,,5165.00,0.880100,2024
"TOI-286 b","TOI-286",59.22930000,1.42000000,4.53000000,4.51172440000,979.00,"K3 V",5152.00,0.832000,2024
"TOI-286 c","TOI-286",59.22930000,1.88000000,3.72000000,39.36182600000,475.00,"K3 V",5152.00,0.832000,2024
"HD 134987 b","HD 134987",26.18040000,13.50000000,511.70630000,258.17999000000,,"G5 V",5736.00,1.100000,1999
"HD 137388 b","HD 137388",40.48410000,9.32000000,63.56600000,330.00000000000,,"K2 IV",5181.00,0.680000,2011
"HD 177565 b","HD 177565",16.91790000,4.00000000,15.10000000,44.50500000000,,"G8V",5627.00,1.000000,2017
"TOI-2768 b","TOI-2768",78.45250000,2.63000000,7.41000000,1.50801000000,855.00,"M",4008.00,0.630000,2024
"TOI-5319 b","TOI-5319",61.17100000,2.83000000,8.40000000,4.07853000000,695.00,"M",3580.00,0.500000,2024
"TOI-1130 b","TOI-1130",58.26090000,3.66000000,19.80000000,4.07455400000,825.00,"K6-K7",4360.00,0.745000,2020
"HD 13931 b","HD 13931",47.39630000,13.20000000,889.91953960,4218.00000000000,,"G0",5867.00,1.300000,2009
"HD 142245 b","HD 142245",97.23050000,13.10000000,975.73810000,1299.00000000000,,"K0",4922.00,3.500000,2011
"Ross 128 b","Ross 128",3.37454000,1.11000000,1.40000000,9.86580000000,301.00,"M4",3192.00,0.168000,2017
"K2-321 b","K2-321",77.68880000,2.05124347,4.86000000,2.29797490000,830.00,,3750.00,0.578000,2020
"GJ 486 b","GJ 486",8.07426000,1.28900000,2.77000000,1.46712127000,696.30,"M3.5 V",3317.00,0.312000,2021
"HD 142415 b","HD 142415",35.53180000,13.50000000,530.77610000,386.29999000000,,"G1 V",5940.00,1.070000,2003
"L 168-9 b","L 168-9",25.14960000,1.63000000,4.07000000,1.40152604000,998.00,"M0.5 V",3842.00,0.614000,2020
"TOI-181 b","TOI-181",96.23380000,6.95590000,46.16870000,4.53200000000,895.10,"K",4994.00,0.822000,2023
"TOI-3884 b","TOI-3884",43.14480000,6.43000000,32.59000000,4.54458280000,441.00,"M4",3180.00,0.298000,2022
"HD 16141 b","HD 16141",37.78610000,10.90000000,82.63580000,75.52300000000,,"G5 IV",5757.00,1.110000,2000
"HD 162020 b","HD 162020",30.82480000,12.50000000,3127.44720000,8.42820000000,650.00,"K3 V",4723.00,0.420000,2002
"K2-209 b","K2-209",76.49860000,0.86850263,0.58600000,2.08061500000,,,4720.00,0.744790,2018
"16 Cyg B b","16 Cyg B",21.13970000,13.50000000,565.73740000,798.50000000000,,"G3 V",5750.00,1.080000,1996
"HD 215152 b","HD 215152",21.59740000,,565.41673605,5.75999000000,,"K3 V",4935.00,0.770000,2018
"GJ 86 b","GJ 86",10.78360000,12.90000000,1404.80860000,15.76491000000,,"K1V",5182.00,0.930000,1999
"TOI-6002 b","TOI-6002",32.02660000,1.65000000,3.36000000,10.90482100000,321.40,"M3.5+/-0.5",3229.00,0.210100,2024
"GJ 3138 b","GJ 3138",28.47120000,1.18000000,1.78000000,1.22003000000,,"M0",3717.00,0.681000,2017
"HD 7924 c","HD 7924",16.99220000,,1762.67634522,15.29900000000,583.60,"K0.5 V",5075.00,0.832000,2015
"BD-06 1339 c","BD-06 1339",20.26950000,8.38000000,53.00000000,125.94000000000,,"K7/M0 V",4324.00,0.700000,2013
"GJ 3323 b","GJ 3323",5.37484000,1.23000000,2.02000000,5.36360000000,,"M4",3159.00,0.164000,2017
"GJ 3138 d","GJ 3138",28.47120000,3.23000000,10.50000000,257.80000000000,,"M0",3717.00,0.681000,2017
"GJ 3323 c","GJ 3323",5.37484000,1.32000000,2.31000000,40.54000000000,,"M4",3159.00,0.164000,2017
"HD 191939 e","HD 191939",53.60890000,13.00000000,112.20000000,101.12000000000,390.00,"G9 V",5348.00,0.810000,2022
"TOI-469.01","TOI-469",68.19200000,3.41000000,9.10000000,13.63082050000,716.00,,5289.00,0.901000,2021
"GJ 273 b","GJ 273",5.92153500,1.51000000,2.89000000,18.64980000000,,"M3.5",3382.00,0.290000,2017
"TOI-1772.01","TOI-1772",97.75620000,2.90500000,8.78000000,8.05424687400,877.67,,5583.00,0.990000,2024
"GJ 3293 e","GJ 3293",20.19030000,1.63000000,3.28000000,13.25430000000,,"M2.5",3466.00,0.420000,2017
"TOI-1777.01","TOI-1777",79.76650000,2.24600000,5.67000000,14.65011197400,580.00,,5859.00,1.060000,2024
"GJ 3293 d","GJ 3293",20.19030000,2.67000000,7.60000000,48.13450000000,,"M2.5",3466.00,0.420000,2017
"HD 101581 c","HIP 56998",12.77810000,0.99000000,0.93700000,6.20401000000,747.00,"K4/5V",4675.00,0.653000,2025
"TOI-1301.01","TOI-1301",90.86930000,2.47700000,6.70000000,6.09640720900,737.36,,4820.00,0.770000,2024
"HD 102117 b","HD 102117",39.57920000,8.47000000,54.03110000,20.81330000000,,"G6 V",5655.00,1.060000,2005
"TOI-1799 b","TOI-1799",62.12740000,1.64200000,4.00000000,7.09457086500,922.72,,5690.00,1.010000,2024
"HD 40307 g","HD 40307",12.93630000,2.56000000,7.10000000,197.80000000000,255.00,"K2.5 V",4956.00,0.770000,2013
"HIP 57274 b","HIP 57274",25.86180000,,3359.44626199,8.13520000000,,"K4 V",4510.00,0.290000,2011
"HD 102195 b","HD 102195",29.33860000,14.20000000,130.31030000,4.11377000000,,"K0 V",5301.00,0.760000,2006
"TOI-2211.01","TOI-2211",70.29320000,1.56100000,3.06000000,3.09268675700,1056.92,,5253.00,0.900000,2024
"TOI-1467 b","TOI-1467",37.44180000,1.92000000,9.00000000,5.97114713000,506.07,,3834.00,0.489000,2024
"HD 2638 b","HD 2638",54.96210000,14.30000000,133.48860000,3.44420000000,,"K1 V",5186.00,0.770000,2005
"HD 290327 b","HD 290327",56.43300000,13.30000000,772.32690000,2443.00000000000,,"G8 V",5505.00,0.840000,2009
"HD 31253 b","HD 31253",58.14380000,14.10000000,197.05460000,466.00000000000,,"F8",6130.00,1.700000,2010
"TOI-406.01","TOI-406",31.05970000,2.08000000,6.57000000,13.17568200000,368.00,"M3",3392.00,0.408000,2024
"HD 77338 b","HD 77338",45.93500000,4.12000000,15.90000000,5.73610000000,,"K0 IV",5341.00,1.370000,2012
"TOI-1174 b","TOI-1174",94.63750000,2.56200000,32.00000000,8.95348768300,713.83,,5030.00,0.850000,2024
"HD 73344 d","HD 73344",35.26000000,13.20000000,810.46243785,5823.00000000000,,"F6 V",6148.00,1.190000,2025
"TOI-1739 b","TOI-1739",70.98190000,1.94600000,4.45000000,8.30334140600,755.55,,4814.00,0.780000,2024
"HD 6434 b","HD 6434",42.35800000,14.20000000,155.73670000,21.99800000000,,"G2/3 V",5769.00,1.100000,2003
"K2-239 c","K2-239",31.08490000,1.00000000,0.97200000,7.77500000000,427.00,"M3.0 V",3420.00,0.400000,2018
"K2-257 b","K2-257",64.00650000,0.83000000,0.49800000,1.60588000000,789.00,,3725.00,0.520000,2018
"K2-167 b","K2-167",80.89940000,2.36509493,6.50000000,9.97854100000,1220.00,"F7 V",6310.00,1.084000,2018
"K2-240 c","K2-240",72.91050000,1.80000000,3.89000000,20.52300000000,389.00,"M0.5 V",3810.00,0.580000,2018
"K2-240 b","K2-240",72.91050000,2.00000000,4.66000000,6.03400000000,586.00,"M0.5 V",3810.00,0.580000,2018
"HD 75289 b","HD 75289",29.11580000,14.20000000,155.73670000,3.50927000000,1260.00,"G0",6117.00,1.290000,1999
"HD 76700 b","HD 76700",60.88310000,9.60000000,66.74430000,3.97097000000,,"G6 V",5644.00,0.990000,2002
"TOI-6478 b","TOI-6478",38.60570000,4.60000000,19.20000000,34.00501900000,204.40,"M4.0+/-0.5",3230.00,0.230000,2025
"TOI-2285 b","TOI-2285",42.40900000,1.77000000,19.50000000,13.63510900000,358.00,,3491.00,0.454000,2021
"HD 222155 b","HD 222155",50.60780000,13.40000000,581.62598481,3999.00000000000,,"G2 V",5701.00,1.210000,2011
"TOI-771 b","TOI-771",25.27880000,1.36000000,2.47000000,2.32601550000,543.00,"M3",3370.00,0.220000,2024
"TOI-1453 c","TOI-1453",78.74150000,2.22400000,2.95000000,6.58869820000,819.80,,4975.00,0.715000,2025
"tau Cet e","tau Cet",3.60304000,1.81000000,3.93000000,162.87000000000,,"G8.5V",5310.00,0.783000,2017
"HD 35843 c","HD 35843",69.60260000,2.54000000,11.32000000,46.96220000000,479.00,,5666.00,0.940000,2025
"HD 89307 b","HD 89307",32.01040000,13.40000000,642.01338214,2166.00000000000,,"G0 V",5955.00,1.270000,2009
"TOI-561 c","TOI-561",85.79900000,2.86500000,5.93000000,10.77883800000,802.00,"G9 V",5342.00,0.806000,2020
"HAT-P-11 b","HAT-P-11",37.76470000,4.36000000,25.00000000,4.88800000000,838.00,"K4",4653.00,0.811000,2008
"HAT-P-11 c","HAT-P-11",37.76470000,13.20000000,851.78013076,3361.00000000000,,"K4",4653.00,0.811000,2018
"HR 858 c","HR 858",31.96400000,1.97900000,3.80000000,5.97386500000,1309.00,"F6 V",6354.00,1.204000,2019
"TOI-1266 b","TOI-1266",36.01180000,2.52000000,4.46000000,10.89450000000,415.00,"M2",3563.00,0.437000,2020
"TOI-2015 b","TOI-2015",47.34440000,3.30900000,9.20000000,3.34823700000,530.90,"M4 +/- 0.5",3297.00,0.304100,2023
"HD 191939 g","HD 191939",53.60890000,3.74000000,13.50000000,284.00000000000,278.00,"G9 V",5348.00,0.810000,2022
"HD 285507 b","HD 285507",45.02930000,13.80000000,311.47340000,6.08810000000,,"K4.5 V",4503.00,0.820000,2013
"HD 192263 b","HD 192263",19.63590000,14.20000000,177.98480000,24.35560000000,486.00,"K2 V",4976.00,0.660000,1999
"HD 210277 b","HD 210277",21.29850000,13.60000000,410.00070000,442.19000000000,,"G0 V",5538.00,1.010000,1998
"ups And b","ups And",13.40540000,14.00000000,218.53100000,4.61703300000,,"F8 V",6156.77,1.300000,1996
"HR 810 b","HR 810",17.31810000,12.70000000,1970.53612340,302.79999000000,,"G0V",6167.00,1.340000,1999
"TOI-4529 b","TOI-4529",28.38400000,1.77000000,4.90000000,5.87957700000,511.00,"M1.5 V",3697.00,0.482000,2026
"HD 141937 b","HD 141937",33.36220000,11.90000000,8714.85491994,653.21997000000,,"G2/G3 V",5870.00,1.090000,2002
"HD 212301 b","HD 212301",54.23040000,14.20000000,162.09330000,2.24571000000,,"F8 V",6239.00,1.550000,2005
"TOI-4364 b","TOI-4364",43.96620000,2.01000000,4.70000000,5.42401900000,488.00,"M4 V",3528.00,0.487000,2025
"HD 218566 b","HD 218566",28.82740000,9.32000000,63.56600000,225.70000000000,,"K3V",4730.00,0.760000,2010
"GJ 3090 c","GJ 3090",22.47510000,3.14000000,10.00000000,15.94070000000,407.20,"M2 V",3707.00,0.519000,2026
"TOI-270 b","TOI-270",22.47930000,1.28000000,1.48000000,3.35992000000,600.00,"M",3506.00,0.386000,2019
"HD 134060 b","HD 134060",24.01250000,3.16000000,10.10000000,3.26960000000,,"G3 IV",5966.00,1.095000,2019
"HD 20003 c","HD 20003",41.83160000,3.89000000,14.44000000,33.92390000000,,"G8 V",5494.00,0.875000,2019
"HD 20781 b","HD 20781",35.97150000,1.21000000,1.93000000,5.31350000000,,"K0 V",5256.00,0.700000,2019
"GJ 3779 b","GJ 3779",13.74300000,2.75000000,8.00000000,3.02320000000,,"M4.0 V",3324.00,0.270000,2018
"HD 21693 b","HD 21693",33.25500000,2.80000000,8.23000000,22.67860000000,,"G8 V",5430.00,0.800000,2019
"HD 21693 c","HD 21693",33.25500000,4.34000000,17.37000000,53.73570000000,,"G8 V",5430.00,0.800000,2019
"70 Vir b","70 Vir",17.90110000,12.60000000,2380.45000000,116.68800000000,,"G5V",5495.00,1.090000,1996
"K2-286 b","K2-286",76.14860000,2.10000000,5.06000000,27.35900000000,347.00,"M0 V",3926.00,0.640000,2018
"HD 51608 b","HD 51608",35.05530000,3.62000000,12.77000000,14.07260000000,,"G7 V",5358.00,0.800000,2019
"HD 51608 c","HD 51608",35.05530000,3.87000000,14.31000000,95.94460000000,,"G7 V",5358.00,0.800000,2019
"HD 159868 b","HD 159868",55.85030000,13.30000000,704.94694000,1184.10000000000,,"G5 V",5534.00,1.190000,2006
"HD 20781 e","HD 20781",35.97150000,3.83000000,14.03000000,85.50730000000,,"K0 V",5256.00,0.700000,2019
"HD 45184 c","HD 45184",21.95320000,2.91000000,8.81000000,13.13540000000,,"G1.5 V",5869.00,1.030000,2019
"HD 163607 c","HD 163607",67.78550000,13.30000000,699.54383000,1272.00000000000,,"G5",5522.00,1.120000,2010
"TOI-1468 c","TOI-1468",24.73990000,2.12600000,4.10000000,15.53247700000,338.10,"M3.0 V",3376.00,0.352700,2022
"TOI-1468 b","TOI-1468",24.73990000,1.40100000,3.04000000,1.88052010000,683.50,"M3.0 V",3376.00,0.352700,2022
"HD 185269 b","HD 185269",51.99170000,13.80000000,321.00830000,6.83776000000,,"G0 IV",5923.00,1.300000,2006
"HD 118203 b","HD 118203",92.25890000,12.77823800,680.15279098,6.13497790000,1361.00,"K0 IV",5742.00,1.270000,2005
"HD 20781 d","HD 20781",35.97150000,3.25000000,10.61000000,29.15800000000,,"K0 V",5256.00,0.700000,2019
"TOI-6894 b","TOI-6894",73.81310000,9.58367850,53.39517238,3.37077196000,417.90,,3007.00,0.207000,2025
"HD 200964 b","HD 200964",72.59220000,13.50000000,508.21017000,606.30000000000,,"G8 IV",4982.00,1.390000,2010
"HD 73534 b","HD 73534",83.33210000,13.70000000,353.42696000,1750.00000000000,,"G5",4917.00,1.160000,2008
"HD 88133 b","HD 88133",73.61230000,13.80000000,324.18660000,3.41488400000,,"G5",5392.00,1.260000,2004
"HD 96167 b","HD 96167",85.30060000,14.00000000,227.88411000,498.04000000000,,"G5",5733.00,1.270000,2009
"LHS 1903 e","LHS 1903",35.69170000,1.73200000,5.79000000,29.31773000000,333.00,"M",3664.00,0.538000,2026
"47 UMa b","47 UMa",13.79670000,13.20000000,804.08000000,1078.00000000000,,"G0V",5872.00,1.060000,1996
"HD 75784 c","HD 75784",85.43210000,12.80000000,1792.56120000,7900.00000000000,,"G5",4867.00,1.260000,2018
"GJ 96 b","GJ 96",11.93150000,4.67000000,19.66000000,73.94000000000,,"M2",3785.00,0.600000,2018
"TOI-1201 b","TOI-1201",37.88710000,2.41500000,6.28000000,2.49198630000,703.00,"M2.0 V",3476.00,0.512000,2021
"2MASS J12073346-3932539 b","2MASS J12073346-3932539",64.30800000,15.69257298,1652.70771640,,1163.00,"M8",2825.00,0.188001,2004
"HD 217107 c","HD 217107",20.06190000,12.90000000,1388.91013859,5138.70000000000,,"G",5622.00,1.045000,2005
"TYC 8998-760-1 c","TYC 8998-760-1",94.61770000,12.32990000,1906.98000000,,1240.00,"K3 IV",4573.00,1.000000,2020
"TOI-5716 b","TOI-5716",39.41220000,0.96000000,0.84000000,6.76630000000,400.00,,3436.00,0.190000,2025
"HD 94834 b","HD 94834",98.16090000,13.70000000,400.46580000,1576.00000000000,,"K0",4798.00,1.110000,2018
"HD 190360 b","HD 190360",16.00690000,13.50000000,533.95172376,2892.00000000000,150.00,"G",5552.00,0.991000,2003
"HD 190360 c","HD 190360",16.00690000,5.44000000,25.42627256,17.11730000000,,"G",5552.00,0.991000,2005
"HD 154345 b","HD 154345",18.28400000,13.70000000,376.94449070,3280.00000000000,,"G8",5468.00,0.890000,2006
"TOI-2076 e","TOI-2076",41.90910000,1.35500000,2.40000000,3.02234450000,1138.00,"K",5192.00,0.855700,2025
"TOI-2076 d","TOI-2076",41.90910000,3.43087751,29.00000000,35.12568600000,457.68,"K",5192.00,0.855700,2021
"HD 92788 b","HD 92788",34.65380000,13.00000000,1195.04080000,325.80300000000,,"G6 V",5744.00,1.150000,2000
"HD 50499 c","HD 50499",46.28450000,13.20000000,931.24190000,8619.90000000000,,"G1 V",6099.00,1.310000,2019
"GJ 15 A c","GJ 15 A",3.56228000,6.67000000,36.00000000,7600.00000000000,,"M1",3607.00,0.380000,2018
"TOI-2322 b","TOI-2322",59.86100000,0.99400000,2.31000000,11.30717000000,603.10,"K4",4664.00,0.703000,2025
"LSPM J2116+0234 b","LSPM J2116+0234",17.62970000,3.71000000,13.30000000,14.43990000000,,"M3.0 V",3475.00,0.430000,2019
"GJ 27.1 b","GJ 27.1",23.60620000,3.66000000,13.00000000,15.81900000000,,"M0.5 V",3542.00,0.530000,2014
"GJ 160.2 b","GJ 160.2",25.85570000,3.17000000,10.20000000,5.23540000000,,"M0 V",4347.00,0.690000,2014
"TOI-6054.02","TOI-6054",79.40700000,2.82000000,9.30000000,12.56363600000,1143.00,,6047.00,1.107000,2024
"GJ 682 b","GJ 682",5.00671000,1.93000000,4.40000000,17.47800000000,,"M3.5 V",3028.00,0.270000,2014
"TOI-2141 c","TOI-2141",77.68200000,2.35000000,6.14000000,5.46240000000,1095.00,,5635.00,0.896000,2025
"HD 117207 b","HD 117207",32.35470000,13.40000000,669.34662514,2621.75000000000,,"G7 IV-V",5732.00,1.053000,2004
"HD 114729 b","HD 114729",37.80630000,13.90000000,262.20975000,1121.79000000000,,"G0 V",5844.00,0.936000,2002
"HD 126525 b","HD 126525",37.65060000,10.30000000,75.32571000,960.41000000000,,"G4 V",5638.00,0.897000,2018
"TOI-6000 b","TOI-6000",75.76640000,0.94000000,0.77900000,0.44895900000,1120.00,,3419.00,0.370000,2025
"HD 143361 b","HD 143361",68.51460000,12.90000000,1382.55357045,1039.15000000000,,"G6 V",5507.00,0.968000,2008
"HD 152079 b","HD 152079",87.88880000,13.20000000,845.74563000,2918.92000000000,,"G6 V",5907.00,1.147000,2009
"HD 63433 b","HD 63433",22.40350000,2.14000000,21.75500000,7.10794750000,967.11,"G5 V",5553.00,0.956000,2020
"LP 791-18 d","LP 791-18",26.49270000,1.03200000,0.91000000,2.75485000000,395.50,"M(6.1 +/- 0.7) V",2960.00,0.139000,2023
"TOI-1898 b","TOI-1898",79.66820000,9.39553231,129.00000000,45.52234000000,674.54,,6241.00,1.248400,2024
"HD 28471 c","HD 28471",43.64550000,2.26000000,5.72000000,6.12450000000,1066.00,"G5 V",5766.00,0.980000,2025
"HD 28471 d","HD 28471",43.64550000,2.06000000,4.91000000,11.68100000000,945.00,"G5 V",5766.00,0.980000,2025
"HD 211970 b","HD 211970",13.12770000,3.66000000,13.00000000,25.20100000000,,"K7 V",4127.00,0.610000,2019
"HIP 35173 b","HIP 35173",33.15620000,3.61000000,12.70000000,41.51600000000,,"K2 V",4881.00,0.790000,2019
"HD 190647 b","HD 190647",54.47380000,13.40000000,630.89255000,1176.45000000000,,"G5 V",5656.00,1.069000,2007
"HD 23127 b","HD 23127",93.85550000,13.50000000,485.32641000,1211.17000000000,,"G2 V",5843.00,1.208000,2006
"HD 4208 b","HD 4208",34.19370000,13.90000000,257.44230000,832.97000000000,,"G7 V Fe-1 CH-0.5",5717.00,0.883000,2001
"K2-146 b","K2-146",79.30020000,2.05000000,5.77000000,2.64460000000,534.00,"M3.0 V",3385.00,0.331000,2018
"HD 8326 b","HD 8326",30.68620000,9.58000000,66.60000000,158.99100000000,,"K2 V",4914.00,0.800000,2019
"HIP 54373 b","HIP 54373",18.71680000,2.87000000,8.62000000,7.76000000000,,"K5 V",4021.00,0.570000,2019
"HD 85426 c","TOI-1774",53.97400000,3.19000000,10.30000000,35.73000000000,640.00,,5746.00,0.991000,2026
"55 Cnc B c","55 Cnc B",12.47730000,2.16000000,5.30000000,33.74700000000,,"M4.5 V",3286.00,0.260000,2025
"HIP 54373 c","HIP 54373",18.71680000,3.57000000,12.44000000,15.14400000000,,"K5 V",4021.00,0.570000,2019
"HD 220689 b","HD 220689",46.87780000,13.70000000,381.39408840,2266.40000000000,,"G3 V",5921.00,1.016000,2012
"TOI-2093 c","TOI-2093",82.79820000,2.30000000,15.80000000,53.81149000000,329.00,"K5 V",4426.00,0.745000,2025
"TOI-756 c","TOI-756",86.17590000,13.00000000,1287.20504835,149.40000000000,194.00,"M1 V",3657.00,0.505000,2025
"HD 52265 b","HD 52265",29.98030000,13.70000000,384.57430000,119.27000000000,405.00,"G0V",6136.00,1.204000,2000
"TOI-2093 b","TOI-2093",82.79820000,3.25000000,10.60000000,12.83600000000,535.00,"K5 V",4426.00,0.745000,2025
"HD 140901 b","HD 140901",15.25280000,4.07000000,15.57359194,9.02378000000,,"G7 IV",5610.00,0.990000,2022
"HD 63433 c","HD 63433",22.40350000,2.69200000,15.53900000,20.54382810000,678.92,"G5 V",5553.00,0.956000,2020
"TOI-178 d","TOI-178",62.69900000,2.69500000,5.20000000,6.55756900000,690.00,"K",4316.00,0.647000,2021
"TOI-178 e","TOI-178",62.69900000,2.30100000,3.48000000,9.96318000000,600.00,"K",4316.00,0.647000,2021
"HR 5183 b","HR 5183",31.46070000,13.10000000,1052.01202717,27000.00000000000,171.00,"G0 V",5794.00,1.070000,2019
"HD 85390 b","HD 85390",33.52250000,6.16000000,31.46517000,799.52000000000,,"K1.5 V",5186.00,0.758000,2009
"eps Eri b","eps Eri",3.20260000,14.10000000,209.76674862,2671.00000000000,,"K2 V",5020.38,0.820000,2000
"55 Cnc e","55 Cnc",12.58550000,1.87500000,7.99000000,0.73654740000,1958.00,"G8 V",5172.00,0.905000,2004
"HD 17156 b","HD 17156",78.08630000,12.26262489,1036.12060682,21.21642940000,888.00,"G5",6046.00,1.285000,2007
"HD 189567 b","HD 189567",17.90550000,2.85000000,8.50000000,14.28800000000,,"G3 V",5726.00,0.830000,2021
"HD 23472 e","HD 23472",39.03410000,0.81800000,0.72000000,7.90754000000,723.00,"K4 V",4684.00,0.670000,2022
"AF Lep b","AF Lep",26.85640000,13.00000000,1147.36054927,8905.00000000000,1400.00,"F8",6140.00,1.218000,2023
"TOI-178 b","TOI-178",62.69900000,1.20000000,0.96000000,1.91456010000,1040.00,"K",4316.00,0.647000,2021
"TOI-178 c","TOI-178",62.69900000,1.75400000,4.64000000,3.23848600000,873.00,"K",4316.00,0.647000,2021
"TOI-756 b","TOI-756",86.17590000,2.81000000,9.83000000,1.23924950000,934.00,"M1 V",3657.00,0.505000,2025
"GJ 433 c","GJ 433",9.06456000,6.27000000,32.42200000,5094.10500000000,,"M2V",3461.00,0.480000,2014
"TOI-5736 b","TOI-5736",92.36040000,1.56000000,3.05000000,0.64899000000,1311.00,,3949.00,0.570000,2025
"TOI-5489 c","TOI-5489",45.09070000,1.28000000,2.18000000,4.92126000000,536.00,,3547.00,0.410000,2025
"HD 160691 b","HD 160691",15.59810000,,1366.66215010,645.00000000000,,"G3 IV-V",5773.00,1.130000,2000
"TOI-521 b","TOI-521",60.94250000,1.98000000,5.30000000,1.54285047000,794.00,"M3",3544.00,0.420000,2025
"TOI-1648 b","TOI-1648",69.83500000,2.54000000,7.40000000,7.33160200000,799.00,,4850.00,0.830000,2025
"TOI-2076 b","TOI-2076",41.90910000,2.39000000,16.10000000,10.35523500000,738.00,"K",5201.00,0.883000,2021
"HD 220197 b","HD 220197",64.41100000,9.32000000,63.56600000,1728.00000000000,,"G5",5683.00,0.910000,2018
"HD 233832 b","HD 233832",58.74200000,13.50000000,565.73740000,2058.00000000000,,"G0",4981.00,0.710000,2018
"GJ 1061 d","GJ 1061",3.67278000,1.16000000,1.67000000,13.06600000000,,"M5.5 V",2953.00,0.120000,2020
"Kepler-1649 b","Kepler-1649",92.19130000,1.01700000,1.03000000,8.68909900000,307.00,,3240.00,0.197700,2017
"Kepler-1649 c","Kepler-1649",92.19130000,1.06000000,1.20000000,19.53527000000,234.00,,3240.00,0.197700,2020
"DMPP-8 b","DMPP-8",76.13350000,10.80000000,81.09000000,62.91500000000,,,6009.00,0.990000,2026
"GJ 180 b","GJ 180",11.94070000,2.43000000,6.49000000,17.13300000000,,"M3",3371.00,0.430000,2014
"HD 164922 c","HD 164922",22.00160000,3.66000000,13.00000000,75.74000000000,400.50,"G9 V",5390.00,0.926000,2016
"WASP-8 b","WASP-8",89.96060000,12.66617000,807.28820000,8.15872000000,1059.00,"G8 V",5600.00,1.340000,2010
"HD 107148 c","HD 107148",49.41560000,4.70000000,19.89605828,18.32670000000,,"G5 V",5752.92,1.105215,2021
"HD 160691 d","HD 160691",15.59810000,3.23000000,10.49000000,9.63920000000,900.00,"G3 IV-V",5773.00,1.130000,2004
"HD 136925 b","HD 136925",47.87400000,13.90000000,266.97586188,4540.00000000000,,,5773.19,0.875104,2021
"HD 156668 c","HD 156668",24.33230000,6.17000000,31.49679513,811.30000000000,,"K2",4903.69,0.785167,2021
"HD 164922 e","HD 164922",22.00160000,3.23000000,10.52012027,41.76300000000,,"G9 V",5393.43,0.921146,2021
"HD 3765 b","HD 3765",17.92600000,8.56000000,54.98431441,1211.00000000000,,"K2V",5049.80,0.851785,2021
"Gl 686 b","Gl 686",8.15728000,2.46000000,6.62400000,15.53000000000,379.00,"M1.0 V",3656.00,0.426000,2018
"HD 180617 b","HD 180617",5.91059000,3.53000000,12.21400000,105.91100000000,,"M2.5 V",3534.00,0.484000,2018
"HD 13808 b","HD 13808",28.23050000,3.35000000,11.20000000,14.18150000000,,"K2 V",5035.00,0.771000,2021
"HD 13808 c","HD 13808",28.23050000,3.13000000,9.96000000,53.75300000000,,"K2 V",5035.00,0.771000,2021
"HD 216520 c","HD 216520",19.55200000,3.03000000,9.44000000,154.43000000000,,"K2",5103.00,0.820000,2020
"HIP 107772 b","HIP 107772",23.64340000,3.64000000,12.90000000,55.19900000000,,"M0 V",4006.00,0.630000,2020
"HD 238090 b","HD 238090",15.23540000,2.52000000,6.89000000,13.67100000000,469.60,"M0.0 V",3933.00,0.578000,2020
"GJ 414 A c","GJ 414 A",11.88930000,8.40000000,53.83000000,749.83000000000,124.70,"K7 V",4120.00,0.650000,2021
"GJ 414 A b","GJ 414 A",11.88930000,2.63000000,7.60000000,50.80000000000,308.60,"K7 V",4120.00,0.650000,2021
"HIP 75092 b","HIP 75092",81.66960000,13.50000000,568.91284853,926.40000000000,,"K0 III",4891.00,1.280000,2021
"DMPP-6 c","DMPP-6",54.63030000,3.74000000,13.47000000,36.44100000000,,,6182.09,1.079000,2026
"HD 93385 c","HD 93385",43.34750000,2.56000000,7.10000000,13.18000000000,,"G2/G3 V",5977.00,1.040000,2021
"HD 93385 b","HD 93385",43.34750000,1.88000000,4.20000000,7.34260000000,,"G2/G3 V",5977.00,1.040000,2021
"HD 203030 b","HD 203030",39.25030000,14.45958510,3496.11247700,,1040.00,"G8 V",5603.00,0.940000,2006
"HD 96700 d","HD 96700",25.41110000,3.61000000,12.70000000,103.50000000000,,"G0 V",5845.00,0.890000,2021
"HD 96700 b","HD 96700",25.41110000,2.93000000,8.90000000,8.12450000000,,"G0 V",5845.00,0.890000,2021
"HD 27969 b","HD 27969",67.93280000,12.90000000,1525.57635360,654.50000000000,261.00,"G0 V",5966.00,1.160000,2021
"HD 115954 b","HD 115954",87.64370000,12.60000000,2685.65003915,3700.00000000000,144.90,"G0 V",5957.00,1.180000,2021
"HD 211403 b","HD 211403",83.09190000,12.80000000,1760.76937478,223.80000000000,380.00,"F7 V",6273.00,1.200000,2021
"HD 109286 b","HD 109286",55.41560000,13.20000000,950.30693693,520.10000000000,259.40,"G4 V",5694.00,0.980000,2021
"CD Cet b","CD Cet",8.60715000,1.82000000,3.95000000,2.29070000000,464.00,"M5.0 V",3130.00,0.161000,2020
"GJ 9689 b","GJ 9689",30.62030000,3.07000000,9.65000000,18.27000000000,453.04,"M0.5",3836.00,0.590000,2020
"G 264-012 b","G 264-012",16.00900000,1.39000000,2.50000000,2.30538000000,587.00,"M4.0 V",3326.00,0.297000,2021
"K2-137 b","K2-137",98.87650000,0.64000000,158.91500000,0.17971900000,1471.00,"M3 V",3697.00,0.463000,2017
"K2-354 b","K2-354",91.72200000,1.56000000,3.05000000,3.79330600000,543.00,,3669.00,0.430000,2021
"BD+63 1405 b","BD+63 1405",38.04730000,12.40000000,3305.41543280,1198.48000000000,,"K0",5000.00,0.816000,2021
"HD 155193 b","HD 155193",57.79950000,14.00000000,238.37130525,352.65000000000,,"F8 IV",6239.00,1.221000,2021
"K2-122 b","K2-122",72.04440000,1.16000000,1.65000000,2.21930230000,769.00,"M0",4009.00,0.630000,2017
"HD 22496 b","HD 22496",13.59560000,2.22000000,5.57000000,5.09071000000,573.00,"K5/M0V",4385.00,0.684000,2021
"K2-184 b","K2-184",75.58570000,1.47000000,2.76000000,16.97801020000,533.00,,5245.00,0.840000,2018
"ups Leo b","ups Leo",52.59730000,14.20000000,162.09248757,385.20000000000,,"G9 III",4836.00,1.480000,2021
"gam Psc b","gam Psc",41.31070000,13.60000000,425.89006538,555.10000000000,,"G7 III",4742.00,0.990000,2021
"HIP 34222 b","HIP 34222",22.83860000,13.90000000,263.79757781,159.98600000000,,"K7 V",4050.00,0.620000,2021
"HIP 86221 b","HIP 86221",29.48980000,14.00000000,225.65816897,2.22400000000,,"K5 V",,0.790000,2021
"YZ Cet b","YZ Cet",3.71207000,0.91300000,0.70000000,2.02087000000,471.20,"M4.5 V",3151.00,0.142000,2017
"YZ Cet c","YZ Cet",3.71207000,1.05000000,1.14000000,3.05989000000,410.30,"M4.5 V",3151.00,0.142000,2017
"b Cen AB b","b Cen A",98.09350000,12.40000000,3464.32963630,1790000.00000000000,,"B2.5 V",,5.500000,2021
"K2-400 b","K2-400",62.38040000,1.16300000,1.67000000,3.86505300000,,"M3",3578.00,0.374000,2022
"HD 106252 b","HD 106252",38.18500000,12.50000000,3178.28407000,1535.00000000000,,"G0",5874.00,1.050000,2002
"HD 171238 b","HD 171238",44.81130000,12.50000000,2796.88998160,1515.00000000000,,"G8 V",5467.00,0.920000,2009
"HD 81040 b","HD 81040",34.43410000,12.60000000,2301.07766668,1002.70000000000,,"G2/G3",5755.00,0.990000,2005
"HD 140901 c","HD 140901",15.25280000,13.40000000,572.09113260,14386.00000000000,,"G7 IV",5610.00,1.060000,2022
"HD 181433 d","HD 181433",26.87620000,13.20000000,858.13669890,6896.10000000000,,"K3 IV",4918.00,0.860000,2008
"HD 29021 b","HD 29021",30.99390000,12.90000000,1420.69297929,1365.00000000000,,"G5",5560.00,0.860000,2017
"Ross 508 b","Ross 508",11.21030000,1.83000000,4.00000000,10.77000000000,,"M4.5 V",3071.00,0.177400,2022
"HD 83443 b","HD 83443",40.89910000,14.10000000,127.76701961,2.98562800000,,"K0 V",5442.00,1.000000,2002
"HD 83443 c","HD 83443",40.89910000,13.60000000,476.74261050,8241.00000000000,,"K0 V",5442.00,1.000000,2022
"K2-384 b","K2-384",82.66030000,1.07600000,1.26000000,2.23152700000,,"M4 V",3623.00,0.330000,2022
"iot Dra c","iot Dra",31.32832000,12.20000000,4958.12314920,25000.00000000000,,"K2 III",4504.00,1.540000,2022
"iot Dra b","iot Dra",31.32832000,12.40000000,3756.73177074,510.85440000000,,"K2 III",4504.00,1.540000,2002
"K2-384 c","K2-384",82.66030000,1.19100000,1.82000000,4.19476600000,,"M4 V",3623.00,0.330000,2022
"GJ 9066 c","GJ 9066",4.47100000,9.60000000,66.74396547,771.36000000000,,"M5.0 V",3154.00,0.150000,2020
"HD 39091 b","HD 39091",18.27020000,12.30000000,4481.38053870,2088.80000000000,,"G0 V",5998.00,1.070000,2001
"pi Men d","HD 39091",18.27020000,3.72000000,13.38000000,124.64000000000,,"G0 V",5998.00,1.070000,2022
"K2-384 e","K2-384",82.66030000,1.34500000,2.37000000,9.71504300000,,"M4 V",3623.00,0.330000,2022
"TOI-5799 c","TOI-5799",27.81230000,1.76000000,3.75000000,14.01044900000,337.00,"M2 V",3452.00,0.325000,2025
"HD 103891 b","HD 103891",55.52130000,13.20000000,918.52409623,1919.00000000000,,"F9",6072.00,1.280000,2022
"HD 7924 d","HD 7924",16.99220000,,1568.16536014,24.45100000000,499.00,"K0.5 V",5075.00,0.832000,2015
"GJ 4274 b","GJ 4274",7.23556000,1.53000000,2.97000000,1.63390000000,,"M4.5 V",3228.00,0.180000,2026
"HD 142 A d","HD 142",26.18530000,10.90000000,82.63538582,108.45299000000,,"F7V",6245.00,1.210000,2022
"GJ 2030 c","GJ 2030",37.07880000,12.30000000,4069.15709482,25533.11353000000,,,5485.00,0.960000,2022
"HD 125612 c","HD 125612",57.62070000,4.07000000,15.57359194,4.15466000000,,"G3 V",5900.00,1.050000,2009
"HD 219828 c","HD 219828",73.11400000,12.20000000,5102.41724598,4789.87297000000,,"G0 IV",5891.00,1.040000,2016
"GJ 676 A c","GJ 676 A",16.02720000,12.30000000,4288.14086724,13921.42302000000,,"M0",3734.00,0.626000,2016
"HD 149806 b","HD 149806",20.27270000,12.30000000,4003.68444298,16521.52778000000,,"K0V",5352.05,0.930000,2022
"GJ 9714 b","GJ 9714",20.51210000,12.50000000,2988.54051102,19240.75467000000,,"K5V",4263.00,0.670000,2022
"HD 142 b","HD 142",26.18530000,12.70000000,2256.58168970,351.43394000000,,"F7V",6245.00,1.210000,2001
"HD 224538 b","HD 224538",79.06080000,12.70000000,2075.73732612,1202.05199000000,,"F8/G0 IV/V",6097.00,1.230000,2016
"HD 153557 d","HD 153557",17.94120000,11.90000000,8725.66108578,40654.64809000000,,"K0",4837.00,0.790000,2022
"HD 115404 A b","HD 115404 A",10.98160000,6.09000000,30.82935548,10.49488000000,,"K2V",5019.17,0.830000,2022
"HD 30177 c","HD 30177",55.58670000,12.70000000,1954.64470305,12085.45186000000,,"G8 V",5580.00,0.980000,2016
"HD 156098 b","HD 156098",48.24900000,4.12000000,15.89142035,21.85849000000,,,6419.19,1.290000,2022
"HD 12235 c","HD 12235",31.76270000,12.50000000,3135.69506346,36336.70679000000,,,5986.00,1.100000,2022
"HD 203387 b","HD 203387",61.74770000,13.10000000,1106.04285636,512.53520000000,,,5174.32,2.817000,2022
"HD 169830 c","HD 169830",37.60480000,12.60000000,2437.42605328,1818.82339000000,,"F7 V",6300.00,1.170000,2003
"HD 169830 b","HD 169830",37.60480000,13.20000000,804.42369812,225.67372000000,345.00,"F8 V",6300.00,1.170000,2000
"HD 156098 c","HD 156098",48.24900000,12.80000000,1661.60691180,7841.58390000000,,,6419.19,1.290000,2022
"HIP 35965 b","HIP 35965",50.16770000,12.60000000,2589.98368864,26125.56497000000,,,4836.00,0.780000,2022
"HD 203387 c","HD 203387",61.74770000,12.60000000,2378.94562640,2481.07227000000,,,5174.32,2.817000,2022
"bet Pic c","bet Pic",19.74420000,12.50000000,3222.46221857,1192.77951000000,1250.00,"A5V",8038.68,1.795000,2019
"HD 25015 b","HD 25015",37.43300000,12.50000000,2884.92845034,6134.42700000000,,"K2 V",5160.00,0.860000,2019
"GJ 229 b","GJ 229",5.75624000,3.97000000,14.93793513,579.47495000000,,"M1.5V",3564.00,0.509000,2014
"HD 18143 c","HD 18143",22.52430000,12.50000000,3177.64841319,28982.41764000000,,"K2",5078.00,0.850000,2022
"HD 217786 b","HD 217786",55.48470000,12.30000000,4402.55909376,1301.36009000000,,"F8 V",5966.00,1.140000,2011
"HD 204313 c","HD 204313",47.79450000,4.31000000,17.16273398,34.95875000000,,"G5 V",5767.00,1.030000,2015
"HD 190228 b","HD 190228",62.71460000,12.90000000,1598.67688721,1143.59858000000,,"G5 IV",5360.00,1.415000,2022
"HD 23596 b","HD 23596",52.00180000,12.40000000,3786.60764100,1535.11912000000,,"F8",6040.00,1.100000,2003
"HIP 90988 b","HIP 90988",94.03490000,13.40000000,668.07531151,455.73816000000,,"K1 III",4883.00,1.613000,2021
"HD 204313 e","HD 204313",47.79450000,12.20000000,4868.17771002,7325.64666000000,,"G5 V",5767.00,1.030000,2022
"HD 30177 b","HD 30177",55.58670000,12.60000000,2670.71210402,2514.53422000000,,"G8 V",5580.00,0.980000,2002
"HD 217958 b","HD 217958",61.79570000,14.20000000,166.54208527,2560.19774000000,,,5930.64,1.080000,2022
"HD 213519 b","HD 213519",41.00140000,2.99000000,9.21702380,11.12214000000,,,5840.00,1.050000,2022
"HD 43197 b","HD 43197",62.41120000,14.20000000,175.75910907,308.92072000000,,"G8 V",5508.00,0.960000,2010
"HD 4113 b","HD 4113",41.87270000,13.50000000,541.26177712,526.52390000000,,"G5 V",5688.00,1.008000,2007
"HD 95544 b","HD 95544",87.80490000,12.80000000,1913.64483855,2041.54152000000,156.50,"G0",5722.00,1.010000,2021
"HD 25912 c","HD 25912",49.16610000,12.20000000,5252.75008249,26308.65619000000,,,5920.58,1.080000,2022
"HD 105618 c","HD 105618",70.08370000,11.90000000,8419.59232984,77114.07158000000,,,5671.00,1.010000,2022
"HD 28192 b","HD 28192",49.80630000,12.20000000,99.79811980,14.23283000000,,,5919.87,1.080000,2022
"HD 43197 c","HD 43197",62.41120000,12.60000000,2500.67390628,9295.97350000000,,"G8 V",5508.00,0.960000,2022
"HD 74156 c","HD 74156",57.60300000,12.50000000,2753.98314665,2448.48726000000,,"G0",6068.00,1.100000,2003
"HD 74156 b","HD 74156",57.60300000,13.50000000,532.36258173,51.63564000000,,"G0",6068.00,1.100000,2003
"HD 7449 b","HD 7449",38.66200000,12.60000000,2597.92939882,1270.55195000000,,"F9.5 V",6024.00,1.196000,2011
"HD 110537 b","HD 110537",45.08580000,11.90000000,8612.83200129,24469.67342000000,,"G6/8 V",5718.00,1.020000,2022
"HD 56957 b","HD 56957",61.49250000,12.80000000,1880.90851263,5859.08992000000,,,5743.00,1.030000,2022
"HD 86264 b","HD 86264",67.81070000,12.50000000,3117.26101586,1488.79123000000,,"F7 V",6210.00,1.260000,2009
"HD 111232 c","HD 111232",28.95710000,12.20000000,5740.93451564,26472.44623000000,,"G8 V",5512.00,0.960000,2022
"HD 62549 b","HD 62549",49.33050000,12.60000000,2707.58019923,14306.88519000000,,,5930.46,1.080000,2022
"HD 142 c","HD 142",26.18530000,12.40000000,3464.64746471,10159.64279000000,,"F7V",6245.00,1.210000,2012
"HD 73267 c","HD 73267",50.40930000,12.80000000,1630.77755632,17071.78045000000,,"K0 V",5387.00,0.930000,2022
"HD 219077 b","HD 219077",29.18640000,12.50000000,3057.50927534,5478.68861000000,,"G8 V+",5362.00,0.920000,2012
"HD 113337 b","HD 113337",36.18000000,13.10000000,1035.80277841,317.58639000000,,"F6 V",6774.00,1.410000,2013
"HD 125271 b","HD 125271",39.34660000,12.40000000,3465.60094993,14901.99295000000,,,4703.93,0.750000,2022
"HD 127506 b","HD 127506",22.52790000,5.67000000,27.33324300,65.78395000000,,"K3V",4595.32,0.730000,2022
"bet Pic b","bet Pic",19.74420000,18.49485000,3727.80938570,8617.50952000000,1612.00,"A5V",8038.68,1.795000,2008
"HD 215497 b","HD 215497",40.54680000,,1588.82420659,3.93404000000,,"K3 V",5110.00,0.670000,2009
"HD 93351 b","HD 93351",56.16300000,1.69000000,3.49611248,2.45946000000,,,5408.00,0.940000,2022
"HD 88072 b","HD 88072",35.90980000,12.60000000,2511.79790052,18538.79293000000,,,5785.33,1.040000,2022
"HD 93351 c","HD 93351",56.16300000,12.30000000,4154.01727949,14010.29410000000,,,5408.00,0.940000,2022
"HD 10697 b","HD 10697",33.12050000,12.80000000,1825.28854140,1075.37990000000,,"G3 V",5641.00,0.990000,1999
"HD 10180 e","HD 10180",38.96070000,5.39000000,25.10000000,49.74800000000,,"G1 V",5911.00,1.060000,2010
"Wolf 1069 b","Wolf 1069",9.58341000,1.08000000,1.26000000,15.56400000000,250.10,"M5.0 V",3158.00,0.167000,2023
"Kepler-138 b","Kepler-138",66.86240000,0.64000000,0.07000000,10.31340000000,452.00,"M1 V",3841.00,0.535000,2014
"Kepler-138 d","Kepler-138",66.86240000,1.51000000,2.10000000,23.09230000000,345.00,"M1 V",3841.00,0.535000,2014
"Kepler-138 c","Kepler-138",66.86240000,1.51000000,2.30000000,13.78150000000,410.00,"M1 V",3841.00,0.535000,2014
"K2-3 b","K2-3",44.07270000,2.07800000,5.11000000,10.05465350000,501.30,"M V",3844.00,0.549000,2015
"HIP 21152 b","HIP 21152",43.40730000,12.00000000,7627.88176800,22000.00000000000,1300.00,"F5 V",6655.00,1.400000,2022
"HD 95735 c","GJ 411",5.67577300,3.76000000,13.60000000,2946.00000000000,,"M1.5 V",3719.00,0.389900,2021
"TOI-1238 b","TOI-1238",70.71450000,1.21000000,3.76000000,0.76459700000,1133.00,"K7/M0",4089.00,0.590000,2022
"GJ 1002 c","GJ 1002",4.84867000,1.10000000,1.36000000,21.20200000000,181.70,"M5.5 V",3024.00,0.120000,2022
"HD 45364 b","HD 45364",34.35400000,9.03000000,60.16491745,225.79000000000,,"K0 V",5466.00,0.820000,2008
"L 363-38 b","L 363-38",10.22950000,2.00000000,4.67000000,8.78100000000,330.00,,3129.00,0.210000,2023
"HD 45364 c","HD 45364",34.35400000,14.20000000,174.48779544,345.43000000000,,"K0 V",5466.00,0.820000,2008
"HD 184010 d","HD 184010",60.79930000,14.30000000,143.02278315,836.40000000000,,"K0 III-IV",4971.00,1.350000,2022
"HD 184010 b","HD 184010",60.79930000,12.10000000,98.52680617,286.60000000000,,"K0 III-IV",4971.00,1.350000,2022
"DMPP-4 b","DMPP-4",25.32840000,3.53000000,12.20000000,3.49820000000,,"F5-F8 V",6400.00,1.250000,2023
"HN Lib b","HN Lib",6.24442000,2.20000000,5.46000000,36.11600000000,234.40,"M4.0 V",3347.00,0.291000,2023
"HAT-P-20 b","HAT-P-20",71.03740000,9.71800000,2302.89900000,2.87531700000,970.00,"K3",4595.00,0.756000,2010
"Kepler-409 b","Kepler-409",68.17300000,1.19900000,6.00000000,68.95832160000,438.00,,5421.00,0.913000,2014
"HD 74698 b","HD 74698",52.06480000,5.12000000,23.00000000,15.01700000000,,"G5 V",5783.00,1.039000,2023
"HD 112300 b","HD 112300",62.07324000,12.20000000,5031.22368281,466.63000000000,,"M1 III",3657.00,1.400000,2023
"HD 74698 c","HD 74698",52.06480000,14.00000000,126.00000000,3449.00000000000,,"G5 V",5783.00,1.039000,2023
"HD 6860 b","HD 6860",61.12469000,11.90000000,8981.83078182,663.87000000000,,"M0 III",3802.00,2.490000,2023
"HD 108236 b","HD 108236",64.59780000,1.61500000,3.24000000,3.79596300000,1099.00,"G3 V",5660.00,0.869000,2020
"VHS J125601.92-125723.9 b","VHS J125601.92-125723.9",12.70000000,13.67495645,5085.25451200,5800000.00000000000,1194.00,"M7.5",2620.00,0.070000,2015
"K2-417 b","K2-417",94.04240000,3.31000000,699.22249540,6.53500000000,558.00,"M V",3861.00,0.569000,2023
"K2-18 c","K2-18",38.02660000,2.65000000,7.51000000,8.96200000000,363.00,"M2.5 V",3457.00,0.359000,2017
"gam Lib c","gam Lib",47.40170000,12.80000000,1662.56039702,966.49000000000,,"K0 III",4879.00,1.780000,2018
"Kepler-93 c","Kepler-93",95.91150000,,954.00000000,1460.00000000000,,,5669.00,0.910000,2014
"HD 134606 b","HD 134606",26.79090000,2.97000000,9.09000000,12.08900000000,,"G5IV",5576.00,1.046000,2024
"HIP 66074 b","HIP 66074",35.44380000,12.90000000,1589.14203500,310.90000000000,,,4300.00,0.705000,2023
"HD 134606 c","HD 134606",26.79090000,3.37000000,11.31000000,58.88300000000,,"G5IV",5576.00,1.046000,2024
"HD 134606 d","HD 134606",26.79090000,7.59000000,44.80000000,966.50000000000,,"G5IV",5576.00,1.046000,2024
"HD 99492 c","HD 99492",18.20380000,4.42000000,17.90000000,95.23300000000,,"K2 V",4929.00,0.850000,2023
"HD 134606 e","HD 134606",26.79090000,1.33000000,2.34000000,4.32030000000,,"G5IV",5576.00,1.046000,2024
"18 Del b","18 Del",76.22200000,12.50000000,2926.24614325,982.85000000000,,"G6 III",4980.00,2.100000,2008
"6 Lyn b","6 Lyn",54.65990000,13.40000000,597.83523357,919.86000000000,,"K0 IV",4941.00,1.320000,2008
"GJ 724 b","GJ 724",16.96580000,3.27000000,10.75000000,5.10128400000,611.00,"M1.0 V",3799.00,0.527100,2023
"GJ 3988 b","GJ 3988",9.91050000,1.74000000,3.69000000,6.94420000000,348.00,"M4.5 V",3273.00,0.184200,2023
"HD 167042 b","HD 167042",49.66330000,13.60000000,444.00628458,417.67000000000,,"K1 IV",4919.00,1.390000,2007
"HD 81688 b","HD 81688",85.71830000,13.50000000,525.68818518,183.93000000000,,"K0 III-IV",4797.00,1.070000,2007
"kap CrB b","kap CrB",30.06510000,13.40000000,591.16380000,1253.68000000000,,"K0 III-IV",4840.00,1.330000,2007
"GJ 9404 b","GJ 9404",23.88390000,3.48000000,11.90000000,13.45860000000,,"M2V",3811.00,0.620000,2023
"HD 100777 b","HD 100777",49.53360000,13.70000000,390.92894061,383.00000000000,,"G8 V",5533.00,1.080000,2007
"nu Oph b","nu Oph",46.21070000,12.00000000,7057.73298000,529.93000000000,,"K0 III",4887.00,2.610000,2012
"nu Oph c","nu Oph",46.21070000,12.00000000,7838.32346000,3180.60000000000,,"K0 III",4887.00,2.610000,2012
"HD 5608 b","HD 5608",58.11050000,13.70000000,371.22357938,768.70000000000,,"K0 IV",4807.00,1.290000,2012
"75 Cet b","75 Cet",82.96130000,13.30000000,787.89662095,696.62000000000,,"G3 III",4809.00,1.920000,2012
"HD 28254 b","HD 28254",55.28840000,13.00000000,1207.74794660,1333.00000000000,,"G5 V",5664.00,1.100000,2010
"omi UMa b","omi UMa",54.91490000,13.00000000,1160.39151396,1569.81000000000,,"G4 II-III",5075.00,2.720000,2012
"Teegarden's Star b","Teegarden's Star",3.83078000,1.05000000,1.16000000,4.90634000000,277.00,"M7.0 V",3034.00,0.097000,2019
"LP 791-18 b","LP 791-18",26.49270000,1.21200000,1.94000000,0.94799810000,564.30,"M(6.1 +/- 0.7) V",2960.00,0.139000,2019
"Teegarden's Star c","Teegarden's Star",3.83078000,1.02000000,1.05000000,11.41600000000,209.00,"M7.0 V",3034.00,0.097000,2019
"ome Ser b","ome Ser",76.75560000,14.00000000,233.92170755,278.59000000000,,"G8 III",4724.00,1.010000,2013
"Teegarden's Star d","Teegarden's Star",3.83078000,0.95400000,0.82000000,26.13000000000,159.00,"M7.0 V",3034.00,0.097000,2024
"HD 73256 c","HD 73256",36.70800000,12.20000000,5085.25451200,2690.00000000000,,"G8 IV",5570.00,1.000000,2023
"gam Lib b","gam Lib",47.40170000,13.70000000,357.87478628,414.88000000000,,"K0 III",4879.00,1.780000,2018
"TOI-969 c","TOI-969",77.25540000,12.40000000,3591.46099910,1700.00000000000,96.40,"K V",4435.00,0.734000,2022
"TIC 46432937 b","TIC 46432937",90.53690000,13.31626907,1017.05090240,1.44044527000,872.00,,3572.00,0.563000,2024
"TOI-1136 b","TOI-1136",84.53620000,1.90000000,3.50000000,4.17270000000,1216.00,,5770.00,1.022000,2022
"HD 332231 b","HD 332231",80.66650000,9.07303305,74.10000000,18.71202400000,798.30,"F8",6128.00,1.164200,2020
"TOI-1807 b","TOI-1807",42.57750000,1.49681583,2.44000000,0.54937097000,1694.10,,4914.00,0.804800,2021
"TOI-1630.01","TOI-1630",66.09290000,2.41700000,6.42000000,12.05573473300,584.00,,5504.00,0.950000,2024
"TOI-2095 c","TOI-2095",41.91760000,1.33000000,7.40000000,28.17232000000,297.00,"M2.5 V",3759.00,0.440000,2023
"TOI-5789 c","TOI-5789",20.45810000,2.86000000,5.00000000,12.92774800000,718.00,"K1 V",5185.00,0.821000,
"TOI-5789 b","TOI-5789",20.45810000,1.26000000,2.12000000,2.76369000000,1201.00,"K1 V",5185.00,0.821000,2026
"G 196-3 b","G 196-3",21.79120000,12.00000000,8263.53858200,,1670.00,,3517.00,0.519782,2024
"WD 1856+534 b","WD 1856+534",24.73590000,10.40000000,4386.05400000,1.40794050000,163.00,"DC",4710.00,0.518000,2020
"HD 48265 c","HD 48265",90.54460000,12.90000000,1414.33641115,10418.00000000000,,"G5 IV/V",5805.00,1.380000,2026
"TOI-1823 b","TOI-1823",71.64560000,7.54062410,67.40000000,38.80000000000,423.63,,4927.00,0.841400,2024
"TOI-1266 c","TOI-1266",36.01180000,1.98000000,3.17000000,18.80270000000,346.00,"M2",3563.00,0.437000,2020
"HD 48948 c","HD 48948",16.90430000,2.60000000,7.27000000,38.06000000000,553.00,"K3 V",4593.00,0.686000,2024
"GJ 900 b","GJ 900 A",20.80650000,12.40000000,3496.11247700,,,"K7",3976.00,1.080000,2024
"HIP 39017 b","HIP 39017",66.32170000,12.00000000,7500.75040520,31000.00000000000,,"A9/F0",7201.00,1.520000,2024
"HIP 54515 b","HIP 54515",82.81010000,12.20000000,5625.56280390,33000.00000000000,,"A5 V",8100.00,1.900000,2026
"HD 72659 c","HD 72659",51.89490000,12.10000000,6165.87109580,35500.00000000000,,"G2 V",5929.00,1.033000,2022
"TOI-1410.01","TOI-1410",72.75120000,3.10083009,12.50000000,1.21687000000,1236.70,,4635.00,0.794100,2024
"TOI-1846 b","TOI-1846",47.24960000,1.79200000,3.87000000,3.93067370000,568.10,,3568.00,0.418000,2025
"TOI-2345 c","TOI-2345",81.65410000,2.45100000,7.27000000,21.06430200000,544.00,"K",4687.00,0.727000,2025
"TOI-6041 b","TOI-6041",72.47310000,4.55000000,28.90000000,26.04945000000,605.60,"G7",5445.00,0.885000,2025
"2MASS J0249-0557 c","2MASS J0249-0557 A",66.06130000,12.40000000,3686.80952120,,,"M6 V",2859.00,0.046000,2018
"TOI-1742 b","TOI-1742",72.88710000,2.36507598,9.70000000,21.26908400000,694.09,,5815.00,1.086100,2024
"TOI-2134 b","TOI-2134",22.62020000,2.69000000,9.13000000,9.22920050000,666.00,"K5 V",4580.00,0.744000,2023
"TOI-2120 b","TOI-2120",32.17550000,2.12200000,6.80000000,5.79981640000,384.00,,3131.00,0.211000,2024
"TOI-6054.01","TOI-6054",79.40700000,2.64000000,12.50000000,7.50142800000,1360.00,,6047.00,1.107000,2024
"TOI-220 b","TOI-220",90.74020000,3.03000000,13.80000000,10.69526400000,805.00,"K0 V",5298.00,0.825000,2021
"eps Ind A b","eps Ind A",3.63857000,12.70000000,2005.49724817,16510.00000000000,275.00,"K5 V",4760.00,0.760000,2019
"LP 890-9 c","LP 890-9",32.42980000,1.36700000,25.30000000,8.45746300000,272.00,"M6 V",2850.00,0.118000,2022
"TOI-1203.01","TOI-1203",64.99430000,2.91800000,7.39000000,25.50267200000,743.60,"G3 V",5737.00,0.886000,2021
"BD-17 63 b","BD-17 63",34.46030000,12.80000000,1639.99458012,655.57000000000,,"K5 V",4714.00,0.741000,2008
"TOI-700 d","TOI-700",31.12650000,1.07300000,1.25000000,37.42396000000,268.80,"M2.5 V",3459.00,0.415000,2020
"TOI-2407 b","TOI-2407",92.43660000,4.26000000,16.80000000,2.70296900000,705.00,,3530.00,0.548000,2025
"LHS 1815 b","LHS 1815",29.84240000,1.08800000,1.58000000,3.81433400000,617.00,"M1",3643.00,0.502000,2020
"HD 75898 c","HD 75898",78.05050000,12.60000000,2698.36317543,6717.00000000000,,"F8 V",6122.00,1.295000,2024
"TOI-654.01","TOI-654",57.75530000,2.37800000,8.71000000,1.52756100000,794.00,"M2 V",3521.00,0.419000,2024
"TOI-1782.01","TOI-1782",95.26490000,2.36800000,6.20000000,4.98764102800,697.84,,4336.00,0.680000,2024
"HD 86728 b","HD 86728",14.92020000,3.03000000,9.43000000,31.15150000000,,"G1V",5610.00,0.967000,2025
"TOI-5076 b","TOI-5076",82.85700000,3.48935569,16.14568308,23.44316200000,550.00,"K2 V",4780.00,0.789000,2024
"TOI-122 b","TOI-122",62.11800000,2.72000000,7.85000000,5.07803000000,471.00,"M3 V",3403.00,0.312000,2020
"TOI-1782.02","TOI-1782",95.26490000,1.83900000,4.04000000,1.82902422700,974.95,,4336.00,0.680000,2024
"Gaia-5 b","Gaia-5",41.18130000,12.10000000,6633.07885409,358.62000000000,,,3447.00,0.339000,2025
"GJ 1289 b","GJ 1289",8.35147000,2.38000000,6.27000000,111.74000000000,150.00,"M4.5 Ve",3296.00,0.210000,2024
"HD 94890 b","HD 94890",61.70120000,13.30000000,676.97450691,824.61000000000,,"K0 III",4867.00,1.740000,2025
"HD 94890 c","HD 94890",61.70120000,12.50000000,2831.85110637,2492.19000000000,,"K0 III",4867.00,1.740000,2025
"TOI-712 b","TOI-712",58.62120000,2.04900000,4.85000000,9.53136100000,650.00,"K4.5 V",4622.00,0.732000,2022
"TOI-2322 c","TOI-2322",59.86100000,1.87400000,18.10000000,20.22552800000,496.80,"K4",4664.00,0.703000,2025
"GJ 581 e","GJ 581",6.29810000,1.38000000,2.48000000,3.14810000000,,"M3.0 V",3500.00,0.295000,2009
"nu Oct A b","nu Oct A",21.19990000,13.30000000,696.04421133,402.40000000000,,"K1 IV",4910.00,1.570000,2016
"LHS 1478 b","LHS 1478",18.22760000,1.24200000,2.33000000,1.94953780000,595.00,"m3 V",3381.00,0.236000,2021
"TOI-782 b","TOI-782",52.51220000,2.73400000,19.10000000,8.02400150000,435.00,,3370.00,0.397000,2024
"HIP 9618 c","HIP 9618",67.54780000,3.42855926,7.00000000,52.56363000000,470.31,,5649.00,0.942000,2023
"KOBE-1 b","KOBE-1",23.97180000,2.91000000,8.80000000,8.53990000000,594.40,"K7 V",4135.00,0.629000,2025
"Gl 725 A b","Gl 725 A",3.52140000,1.48000000,2.78000000,11.22010000000,,"M3",3433.00,0.330000,2025
"KOBE-1 c","KOBE-1",23.97180000,3.56000000,12.40000000,29.67100000000,392.50,"K7 V",4135.00,0.629000,2025
"G 261-6 b","G 261-6",10.62670000,1.10000000,1.37000000,5.45360000000,322.30,"M5.5 V",2907.00,0.118000,2025
"G 192-15 b","G 192-15",9.53114000,1.02000000,1.03000000,2.27476000000,453.60,"M5.0 V",2999.00,0.132000,2025
"TOI-5817 b","TOI-5817",80.75420000,3.08000000,10.30000000,15.61031000000,950.00,"G2 IV-V",5770.00,0.970000,2025
"TOI-6324 b","TOI-6324",20.54880000,1.05900000,1.17000000,0.27922100000,1216.00,,3247.00,0.269000,2025
"GJ 3998 c","GJ 3998",18.14590000,2.50000000,6.82000000,13.72700000000,,"M1",3726.00,0.520000,2016
"TOI-406 c","TOI-406",31.05970000,1.32000000,2.08000000,3.30744100000,584.00,"M3",3392.00,0.408000,2024
"Barnard d","Barnard's star",1.82655000,0.69400000,0.26300000,2.34020000000,483.00,"M3.5-4 V",3195.00,0.162000,2025
"TOI-238 b","TOI-238",80.54070000,1.55900000,3.37000000,1.27309900000,1378.00,"K2 V",5059.00,0.781000,2024
"HD 207496 b","HD 207496",23.60600000,2.25000000,6.10000000,6.44100800000,743.00,"K2.5 V",4819.00,0.800000,2023
"GJ 806 b","GJ 806",12.04450000,1.33100000,1.90000000,0.92632370000,940.00,"M1.5 V",3600.00,0.413000,2023
"HD 73344 c","HD 73344",35.26000000,13.50000000,118.54999581,65.94000000000,,"F6 V",6148.00,1.190000,2025
"GJ 317 b","GJ 317",15.19680000,13.30000000,794.50000000,695.69000000000,,"M3.5 V",3496.00,0.402000,2007
"GJ 463 b","GJ 463",18.35540000,13.10000000,1080.61658380,3459.00000000000,,"M3.0 V",3563.00,0.486000,2022
"GJ 9773 b","GJ 9773",15.92110000,14.20000000,172.58082500,2965.00000000000,,"M3.0 V",3528.00,0.358000,2025
"HD 15906 c","HD 15906",45.56210000,2.93000000,8.91000000,21.58329800000,532.00,"K V",4757.00,0.790000,2023
"K2-233 c","K2-233",67.50620000,1.27200000,4.60000000,7.06024000000,794.00,"K3",4796.00,0.790000,2018
"HD 93963 A b","HD 93963 A",82.34320000,1.46954368,2.80000000,1.03761090000,1842.23,"G0 V",5908.00,1.084400,2022
"K2-406 b","K2-406",85.37510000,4.60200000,19.20000000,22.54940600000,,"G4",5784.00,0.798000,2022
"Kepler-93 b","Kepler-93",95.91150000,1.47800000,4.66000000,4.72673978000,1133.00,,5669.00,0.911000,2014
"GJ 1061 b","GJ 1061",3.67278000,1.04000000,1.11000000,3.20730000000,,"M5.5 V",2953.00,0.120000,2020
"ups And d","ups And",13.40540000,12.50000000,3257.74117175,1276.46000000000,,"F8 V",6156.77,1.300000,1999
"Kepler-42 b","Kepler-42",40.05950000,0.78000000,0.70594400,1.21376720000,519.00,"M",3068.00,0.130000,2011
"K2-151 b","K2-151",69.47980000,1.49000000,2.83000000,3.83547600000,566.00,"M1.5 V",3695.00,0.470000,2018
"eps Tau b","eps Tau",47.52852000,12.70000000,2285.18624633,585.82000000000,,"K0 III",4877.00,2.570000,2006
"HD 109749 b","HD 109749",63.08210000,11.10000000,85.81410000,5.23989100000,,"G3 V",5824.00,1.130000,2005
"gam Cep b","gam Cep",14.10240000,12.70000000,2097.66748620,913.00000000000,,"K1 III-IV",4775.00,1.270000,2003
"TOI-128.01","TOI-128",68.47270000,2.21898000,5.56000000,4.94046810000,1344.51,,6086.00,0.851969,2024
"HD 111232 b","HD 111232",28.95710000,12.60000000,2531.50326176,1169.13202000000,,"G8 V",5512.00,0.960000,2003
"51 Peg b","51 Peg",15.46140000,14.30000000,146.20180000,4.23078500000,,"G5V",5758.00,1.030000,1995
"4 UMa b","4 UMa",73.46030000,12.60000000,2511.48007211,270.27000000000,,"K1 III",4415.00,1.234000,2006
"GJ 433 b","GJ 433",9.06456000,2.33000000,6.04300000,7.37050000000,,"M2V",3461.00,0.480000,2011
"GJ 676 A b","GJ 676 A",16.02720000,12.80000000,1840.86213334,1051.44521000000,,"M0",3734.00,0.626000,2010
"HD 117618 b","HD 117618",37.77810000,8.59000000,55.30242000,25.80000000000,,"G2 V",5990.00,1.077000,2004
"7 CMa b","7 CMa",19.81010000,13.40000000,587.98550000,735.10000000000,,"K1III(+M)",4826.00,1.340000,2011
"HD 125612 d","HD 125612",57.62070000,12.70000000,2281.37230545,2822.72698000000,,"G3 V",5900.00,1.050000,2009
"AB Pic b","AB Pic",50.04750000,12.30000000,4290.50000000,,,"K2 V",5285.00,0.900000,2005
"GJ 581 b","GJ 581",6.29810000,4.79000000,20.50000000,5.36860000000,,"M3.0 V",3500.00,0.295000,2005
"HD 11977 b","HD 11977",67.93310000,12.70000000,2080.00000000,711.00000000000,,"G8 III/IV",4970.00,1.910000,2005
"BD-10 3166 b","BD-10 3166",84.40690000,14.10000000,187.51970000,3.48777000000,,"K0 V",5393.00,1.470000,2000
"GJ 581 c","GJ 581",6.29810000,2.50000000,6.81000000,12.92110000000,,"M3.0 V",3500.00,0.295000,2007
"BD+14 4559 b","BD+14 4559",49.35200000,13.80000000,330.54320000,268.94000000000,,"K2 V",4864.00,0.490000,2009
"GJ 876 c","GJ 876",4.67517000,14.00000000,226.98460000,30.08810000000,,"M2.5V",3293.74,0.320000,2000
"HD 101930 b","HD 101930",30.02740000,10.60000000,79.45750000,70.46000000000,,"K1 V",5108.00,0.570000,2005
"HD 108147 b","HD 108147",38.92000000,10.90000000,82.95000000,10.89850000000,890.00,"F8 V CH+0.4",6255.73,1.220000,2002
"HD 108874 b","HD 108874",59.51750000,13.60000000,451.31860000,394.48123000000,,"G5",5600.00,1.100000,2002
"HD 69830 b","HD 69830",12.55910000,3.17000000,10.20000000,8.66700000000,,"K0V",5385.00,0.860000,2006
"HD 164509 b","HD 164509",53.11190000,14.30000000,140.79869000,280.17000000000,,"G5",5859.00,1.120000,2010
"TOI-2134 c","TOI-2134",22.62020000,7.27000000,41.89000000,95.50000000000,306.00,"K5 V",4580.00,0.744000,2023
"HD 192699 b","HD 192699",71.86270000,13.40000000,666.17168000,340.94000000000,,"G8 IV",5041.00,1.380000,2007
"HD 145377 b","HD 145377",53.48840000,12.80000000,1913.33660000,103.95000000000,,"G3 V",6014.00,1.200000,2008
"HD 196050 b","HD 196050",50.67420000,12.90000000,1493.79351290,1392.00000000000,,"G3 V",5879.00,1.270000,2002
"HD 147018 b","HD 147018",40.42560000,13.40000000,674.00000000,44.23600000000,,"G9 V",5441.00,0.927000,2009
"HD 20003 b","HD 20003",41.83160000,3.43000000,11.66000000,11.84820000000,,"G8 V",5494.00,0.875000,2019
"HD 196885 A b","HD 196885 A",34.16920000,13.20000000,819.97000000,1333.00000000000,,"F8 V",6254.00,1.280000,2007
"HD 149143 b","HD 149143",73.28010000,13.60000000,422.71390000,4.07182000000,,"G0",5856.00,1.200000,2005
"HD 126614 b","HD 126614",73.09610000,12.70000000,107.74382997,1257.25303000000,,"G8 IV",5568.00,0.960000,2009
"HD 177830 b","HD 177830",62.76740000,13.50000000,537.13270000,410.10001000000,,"K0",4901.00,1.700000,1999
"HD 128311 c","HD 128311",16.32920000,13.00000000,1204.25787000,921.53800000000,,"K0",4965.00,0.828000,2005
"HD 154672 b","HD 154672",63.04840000,12.80000000,1706.74710000,163.94000000000,,"G3 IV",5743.00,1.180000,2008
"HD 178911 B b","HD 178911 B",40.97270000,12.60000000,2552.17490000,71.48400000000,,"G5",5588.00,1.240000,2001
"HD 155358 b","HD 155358",43.61970000,13.80000000,314.65170000,194.30000000000,,"G0",5905.00,1.150000,2007
"HD 156668 b","HD 156668",24.33230000,1.87000000,4.15000000,4.64550000000,,"K2",4850.00,0.772000,2010
"HD 134060 c","HD 134060",24.01250000,5.91000000,29.29000000,1291.56460000000,,"G3 IV",5966.00,1.095000,2019
"HD 158038 b","HD 158038",94.86250000,13.50000000,486.27990000,521.00000000000,,"K0",4860.00,1.300000,2011
"HD 187085 b","HD 187085",45.89930000,13.90000000,265.70588000,1019.74000000000,,"G0 V",6117.00,1.189000,2006
"24 Sex b","24 Sex",72.06910000,13.40000000,632.46000000,452.80000000000,,"K0 IV",5098.00,1.540000,2010
"HD 63454 b","HD 63454",37.68940000,12.31000000,79.45750000,2.81805000000,,"K4 V",4812.00,0.420000,2005
"HD 62509 b","HD 62509",10.34000000,13.30000000,731.00000000,589.64000000000,,"K0IIIvar",4892.63,2.000000,2006
"HD 20781 c","HD 20781",35.97150000,2.17000000,5.33000000,13.89050000000,,"K0 V",5256.00,0.700000,2019
"HD 285968 b","HD 285968",9.47045000,2.83000000,8.40000000,8.78360000000,450.00,"M2 V",3703.49,0.500000,2008
"HD 69830 d","HD 69830",12.55910000,4.45000000,18.10000000,197.00000000000,,"K0V",5385.00,0.860000,2006
"HD 63765 b","HD 63765",32.53760000,14.20000000,168.44990000,358.00000000000,,"G9 V",5449.00,0.650000,2009
"rho CrB e","rho CrB",17.46710000,1.77000000,3.79000000,12.94900000000,,"G0 V",5817.00,0.950000,2023
"HD 70642 b","HD 70642",29.27600000,13.00000000,1239.53078730,2124.54000000000,,"G6 V",5732.00,1.078000,2003
"HD 30562 b","HD 30562",26.15970000,13.60000000,467.20775829,1157.00000000000,,"G2 IV",5882.00,1.120000,2009
"HD 73267 b","HD 73267",50.40930000,13.00000000,1321.53051631,1257.99159000000,,"K0 V",5387.00,0.930000,2008
"HD 210702 b","HD 210702",54.19630000,13.60000000,481.51003660,355.50000000000,,"K1 IV",4912.00,1.330000,2007
"HD 31527 c","HD 31527",38.44730000,3.85000000,14.16000000,51.20530000000,,"G2 V",5898.00,0.960000,2019
"HD 31527 d","HD 31527",38.44730000,3.46000000,11.82000000,271.67370000000,,"G2 V",5898.00,0.960000,2019
"HD 31527 b","HD 31527",38.44730000,3.22000000,10.47000000,16.55350000000,,"G2 V",5898.00,0.960000,2019
"HIP 111909 b","HIP 111909",88.07700000,13.70000000,384.57237247,487.08000000000,,"K1 III",4891.00,1.280000,2025
"HD 216435 b","HD 216435",32.98340000,13.70000000,400.40000000,1311.00000000000,,"G0 V",5999.00,1.300000,2002
"HD 216437 b","HD 216437",26.69020000,13.00000000,1334.87930940,1359.00000000000,,"G1 V",5909.00,1.220000,2002
"HD 8574 b","HD 8574",44.82640000,13.40000000,645.19490000,227.00000000000,,"F8",6064.00,1.340000,2002
"HD 37124 d","HD 37124",31.66340000,14.00000000,221.20968000,1862.00000000000,,"G4 V",5698.64,0.850000,2005
"HD 9446 c","HD 9446",50.35030000,13.40000000,578.42600000,192.90000000000,,"G5 V",5793.00,1.000000,2009
"HD 8673 b","HD 8673",37.86190000,12.30000000,4210.59073594,1644.69097000000,,"F5",6389.05,1.280000,2009
"HD 219828 b","HD 219828",73.11400000,4.59000000,19.06970442,3.83483000000,,"G0 IV",5891.00,1.040000,2007
"HD 38529 b","HD 38529",42.35380000,14.10000000,206.58846455,14.30990000000,,"G4 IV",5697.00,0.980000,2000
"HD 99492 b","HD 99492",18.20380000,5.44000000,25.50000000,17.05030000000,,"K2 V",4929.00,0.850000,2004
"HIP 14810 d","HIP 14810",50.48000000,14.10000000,187.51970000,981.80000000000,,"G5",5544.00,1.010000,2009
"55 Cnc f","55 Cnc",12.58550000,7.59000000,44.81200000,260.58000000000,,"G8 V",5198.00,1.015000,2007
"K2-384 d","K2-384",82.66030000,1.39200000,2.52000000,6.67958200000,,"M4 V",3623.00,0.330000,2022
"HD 40307 b","HD 40307",12.93630000,,1188.99607059,4.31230000000,910.00,"K2.5 V",4956.00,0.770000,2009
"HD 40979 b","HD 40979",34.08830000,12.90000000,1484.26610000,264.14999000000,,"F8 V",6165.00,1.450000,2002
"xi Aql b","xi Aql",56.18580000,13.40000000,616.90493799,136.97000000000,,"K0 III",4841.00,1.740000,2007
"HD 23079 b","HD 23079",33.45910000,13.20000000,845.42356262,735.74000000000,,"F9.5 V",5994.00,1.160000,2001
"HD 4203 b","HD 4203",81.37950000,13.30000000,708.76090000,431.88000000000,,"G5",5596.00,1.250000,2001
"HD 43691 b","HD 43691",85.60090000,13.20000000,810.46650000,36.99870000000,,"G0",6093.00,1.320000,2007
"HD 41004 B b","HD 41004 B",41.55040000,12.10000000,5838.29000000,1.32830000000,,"M2 V",5036.00,0.400000,2003
"tau Boo b","tau Boo",15.65210000,12.80000000,1891.00000000,3.31245680000,,"F7 V",6466.27,1.320000,1996
"HD 204313 b","HD 204313",47.79450000,12.90000000,1466.77809830,2041.11539000000,,"G5 V",5767.00,1.030000,2010
"bet Cnc b","bet Cnc",89.04720000,12.60000000,2479.00000000,605.20000000000,,"K4 III",4092.10,1.700000,2014
"bet UMi b","bet UMi",38.77472000,12.70000000,1938.70000000,522.30000000000,,"K4 III",4126.00,1.400000,2014
"Kapteyn c","Kapteyn",3.93305000,2.54000000,7.00000000,121.54000000000,,"M2.0V",3550.00,0.281000,2014
"HD 207832 c","HD 207832",58.92910000,14.00000000,232.01590000,1155.70000000000,,"G5 V",5710.00,0.940000,2012
"HIP 105854 b","HIP 105854",78.63810000,12.60000000,2606.10000000,184.20000000000,,"K2 III",4780.00,2.100000,2014
"BD-11 4672 b","BD-11 4672",27.16650000,14.10000000,206.58950000,1634.00000000000,,"K7V",4550.00,0.651000,2014
"HD 67087 c","HD 67087",76.52170000,12.90000000,1540.00000000,2374.00000000000,,"F8 V",6330.00,1.360000,2015
"HD 175607 b","HD 175607",40.33030000,,2456.17792930,29.01000000000,,"G6 V",5392.00,0.710000,2015
"K2-384 f","K2-384",82.66030000,2.22200000,5.57000000,13.62749000000,,"M4 V",3623.00,0.330000,2022
"HD 27631 b","HD 27631",50.28620000,13.50000000,495.81231492,2198.14000000000,,"G3 IV/V",5737.00,0.944000,2012
"TOI-178 f","TOI-178",62.69900000,2.41700000,5.63000000,15.23335000000,521.00,"K",4316.00,0.647000,2021
"K2-21 c","K2-21",83.64480000,2.49000000,6.76000000,15.50192000000,420.00,"M0.0",4222.06,0.676023,2015
"HD 98649 b","HD 98649",42.17270000,12.50000000,3082.93554790,5384.00000000000,,"G3/G5 V",5759.00,0.970000,2012
"K2-9 b","K2-9",82.96310000,2.25000000,5.69000000,18.44980000000,314.00,"M2.5 V",3390.00,0.300000,2015
"HD 164595 b","HD 164595",28.25400000,4.16000000,16.14000000,40.00000000000,,"G2 V",5790.00,0.990000,2015
"kap And b","kap And",50.01770000,12.30000000,4327.36000000,,1900.00,"B9 IV",10900.00,2.600000,2012
"GJ 676 A e","GJ 676 A",16.02720000,2.47000000,6.67439655,35.47358000000,,"M0",3734.00,0.626000,2012
"GJ 667 C e","GJ 667 C",7.24396000,1.45000000,2.70000000,62.24000000000,,"M1.5 V",3350.00,0.330000,2013
"GJ 667 C g","GJ 667 C",7.24396000,1.99000000,4.60000000,256.20000000000,,"M1.5 V",3350.00,0.330000,2013
"GJ 504 b","GJ 504",17.52990000,12.10569916,1271.30000000,,510.00,"G0 V",6234.00,1.220000,2013
"HD 159243 c","HD 159243",73.30550000,13.40000000,603.90000000,248.40000000000,,"G0 V",6123.00,1.125000,2013
"LHS 1678 b","LHS 1678",19.87820000,0.68500000,0.35000000,0.86023250000,830.44,"M2.0 V",3490.00,0.345000,2021
"HD 4203 c","HD 4203",81.37950000,13.30000000,689.66000000,6700.00000000000,,"G5",5582.00,0.990000,2014
"GJ 3998 b","GJ 3998",18.14590000,1.39000000,2.50000000,2.65033000000,,"M1",3726.00,0.520000,2016
"HD 47366 b","HD 47366",84.35520000,13.40000000,661.71874337,360.08000000000,,"K1 III",4866.00,1.810000,2016
"K2-239 b","K2-239",31.08490000,1.10000000,1.37000000,5.24000000000,502.00,"M3.0 V",3420.00,0.400000,2018
"K2-233 d","K2-233",67.50620000,2.36300000,10.30000000,24.36810000000,525.00,"K3",4796.00,0.790000,2018
"HD 211810 b","HD 211810",64.63530000,14.00000000,212.94610000,1558.00000000000,,"G5",5652.00,1.030000,2018
"47 UMa d","47 UMa",13.79670000,13.50000000,521.22000000,14002.00000000000,,"G0V",5872.00,1.060000,2009
"HD 111998 b","HD 111998",33.22370000,12.90000000,1525.57635360,810.00000000000,,"F6 V",6557.00,1.400000,2016
"GJ 9827 b","GJ 9827",29.66100000,1.44000000,4.28000000,1.20897400000,1035.01,"K7 V",4236.00,0.620000,2017
"HD 72892 b","HD 72892",69.73110000,12.80000000,1737.88572948,39.44603000000,,"G5 V",5688.00,1.010000,2016
"HD 128356 b","HD 128356",26.15480000,13.90000000,282.86870000,298.20000000000,,"K3 V",4875.00,0.650000,2016
"HD 165155 b","HD 165155",63.35740000,13.20000000,918.52870000,434.50000000000,,"G8 V",5426.00,1.020000,2016
"2MASS J22362452+4751425 b","2MASS J22362452+4751425",69.57370000,12.30000000,3972.87500000,,,"K7 V",4045.00,0.600000,2016
"K2-288 B b","K2-288 B",65.61380000,1.90000000,4.27000000,31.39346300000,226.36,"M3 V",3341.00,0.330000,2018
"Gl 378 b","Gl 378",14.95450000,3.66000000,13.02000000,3.82200000000,830.00,"M1",3879.00,0.560000,2019
"HD 39855 b","HD 39855",23.25990000,2.85000000,8.50000000,3.24980000000,,"G8 V",5576.00,0.870000,2019
"HD 92788 c","HD 92788",34.65380000,13.00000000,1166.43610000,11611.29750000000,,"G6 V",5744.00,1.150000,2019
"HD 206255 b","HD 206255",75.23630000,6.47000000,34.20000000,96.04500000000,,"G5 IV/V",5635.00,1.420000,2019
"psi1 Dra B b","psi1 Dra B",22.71880000,13.50000000,486.27990000,3117.00000000000,,"G0 V",6212.00,1.190000,2015
"HD 208897 b","HD 208897",67.48720000,13.70000000,379.48711796,358.27000000000,,"K0",4860.00,1.250000,2017
"K2-129 b","K2-129",27.79570000,1.04000000,1.12000000,8.23949300000,,,3459.09,0.360031,2017
"GJ 625 b","GJ 625",6.47249000,1.49000000,2.82000000,14.62800000000,,"M2",3499.00,0.300000,2017
"Wolf 1061 d","Wolf 1061",4.30592000,2.69000000,7.70000000,217.21000000000,,"M3.5",3342.00,0.294000,2015
"Wolf 1061 b","Wolf 1061",4.30592000,1.21000000,1.91000000,4.88690000000,,"M3.5",3342.00,0.294000,2015
"HD 34445 d","HD 34445",46.09070000,6.07000000,30.70000000,117.87000000000,,"G0 V",5836.00,1.070000,2017
"HD 147379 b","HD 147379",10.76430000,4.94000000,21.60000000,86.58000000000,,"M0.0 V",4090.00,0.580000,2017
"HD 143105 b","HD 143105",46.77890000,13.70000000,384.57430000,2.19740000000,,"F5",6380.00,1.510000,2016
"HD 35759 b","HD 35759",71.24230000,13.00000000,1195.04080000,82.46700000000,,"G0",6060.00,1.150000,2016
"HD 191806 b","HD 191806",65.66680000,12.50000000,2966.61035094,1603.38923000000,,"K0",6010.00,1.070000,2016
"K2-233 b","K2-233",67.50620000,1.31500000,2.40000000,2.46758300000,1127.00,"K3",4796.00,0.790000,2018
"HD 206893 b","HD 206893",40.75830000,14.01122587,8899.19539600,9350.00000000000,1429.20,"F5 V",6500.00,1.320000,2021
"TYC 2187-512-1 b","TYC 2187-512-1",15.47440000,12.50000000,104.88337431,691.90000000000,,"M1.0 V",3734.00,0.498000,2022
"Gl 49 b","Gl 49",9.85280000,2.24000000,5.63000000,13.85080000000,,"M1.5 V",3805.00,0.515000,2019
"TOI-561 d","TOI-561",85.79900000,2.61500000,13.33000000,25.71268000000,600.00,"G9 V",5342.00,0.806000,2020
"Kepler-504 b","Kepler-504",99.06880000,1.59000000,3.15000000,9.54927542200,374.00,,3519.00,0.330000,2016
"TOI-544 b","TOI-544",41.11660000,2.01800000,2.89000000,1.54835200000,999.00,,4169.00,0.631000,2022
"HD 105779 b","HD 105779",55.24110000,14.10000000,203.41018048,2412.00000000000,,"G2",5792.00,0.890000,2022
"HD 69123 b","HD 69123",75.11600000,13.10000000,982.08977763,1193.30000000000,,"K1 III",4842.00,1.680000,2022
"TOI-1203 c","TOI-1203",64.99430000,2.20000000,5.46000000,13.07660000000,,"G3 V",5737.00,0.886000,2025
"LP 261-75 b","LP 261-75 A",33.92800000,12.10000000,6674.39654700,,1500.00,"M4.5 V",3138.00,0.220000,2006
"TOI-771 c","TOI-771",25.27880000,1.50000000,2.87000000,7.61000000000,365.00,"M3",3370.00,0.220000,2025
"TOI-1203 b","TOI-1203",64.99430000,1.52000000,3.51000000,4.15728880000,1361.20,"G3 V",5737.00,0.886000,2025
"HIP 29442 d","TOI-469",68.19200000,1.53800000,5.14000000,6.42957500000,920.00,,5289.00,0.901000,2023
"HD 93385 d","HD 93385",43.34750000,2.89000000,8.70000000,45.85000000000,,"G2/G3 V",5977.00,1.040000,2021
"HD 154088 b","HD 154088",18.26920000,2.46000000,6.60000000,18.56000000000,,"K0 IV-V",5374.00,0.910000,2021
"HD 29399 b","HD 29399",44.15180000,13.50000000,498.99059899,892.70000000000,,"K1 III",4845.00,1.170000,2022
"TOI-4559 b","TOI-4559",31.63540000,1.41500000,2.59000000,3.96599100000,554.16,,3558.00,0.392000,2024
"TOI-5713 b","TOI-5713",40.86680000,1.77000000,3.78000000,10.44198900000,347.20,"M3.5+/-0.5",3225.00,0.265300,2024
"Barnard b","Barnard's star",1.82655000,0.72000000,0.29900000,3.15420000000,438.00,"M3.5-4 V",3195.00,0.162000,2024
"HD 208487 b","HD 208487",45.14700000,14.30000000,146.20106722,129.36000000000,,"G2 V",6134.00,1.150000,2004
"Kepler-446 b","Kepler-446",96.33900000,1.50000000,2.86000000,1.56540900000,648.00,"M4",3359.00,0.220000,2015
"HS Psc b","HS Psc",37.66040000,13.60000000,464.02947422,3.98600000000,,"K7 V",4203.00,0.690000,2024
"HIP 111909 c","HIP 111909",88.07700000,13.90000000,257.44100967,893.63000000000,,"K1 III",4891.00,1.280000,2025
"UCAC4 328-061594 b","UCAC4 328-061594",39.90890000,12.10000000,6674.39654700,,,"DC",,1.190000,2024
"UCAC3 113-933 b","UCAC3 113-933",52.58290000,12.10000000,6674.39654700,,,"M0",3864.00,0.610000,2024
"HD 48948 b","HD 48948",16.90430000,2.06000000,4.88000000,7.34013000000,957.00,"K3 V",4593.00,0.686000,2024
"HD 48948 d","HD 48948",16.90430000,3.24000000,10.59000000,151.92000000000,349.00,"K3 V",4593.00,0.686000,2024
"Gaia-4 b","Gaia-4",73.48290000,12.40000000,3750.37520260,571.30000000000,,,4034.00,0.644000,2025
"TOI-4443.01","TOI-4443",56.07390000,1.71932650,3.60000000,1.84985670000,1638.82,,5834.00,1.049133,2024
"Barnard c","Barnard's star",1.82655000,0.74300000,0.33500000,4.12440000000,400.00,"M3.5-4 V",3195.00,0.162000,2025
"HD 23079 c","HD 23079",33.45910000,2.80000000,8.26000000,5.74891300000,,"F9.5 V",5994.00,1.160000,2025
"HD 196067 c","HD 196067",39.93460000,3.21000000,10.40000000,4.60108800000,,"G0 V",6072.00,1.160000,2025
"HD 190007 b","HD 190007",12.71410000,4.06000000,15.50000000,11.72412800000,,"K4 V",4610.00,0.770000,2020
"TOI-663 c","TOI-663",64.23080000,2.26000000,3.65000000,4.69555070000,553.00,"M1 V",3681.00,0.514000,2024
"TOI-3785 b","TOI-3785",79.76340000,5.14000000,14.95000000,4.67473730000,582.00,"M2 V",3576.00,0.520000,2023
"DE CVn b","DE CVn",30.52250000,12.40000000,3823.27330161,4098.10000000000,,,3579.00,0.510000,2018
"GJ 740 b","GJ 740",11.10170000,1.53000000,2.96000000,2.37756000000,829.00,"M1.0 V",3913.00,0.580000,2021
"TRAPPIST-1 b","TRAPPIST-1",12.42988881,1.11600000,1.37400000,1.51082600000,397.60,"M8.0 V",2566.00,0.089800,2016
"GJ 682 c","GJ 682",5.00671000,2.89000000,8.70000000,57.32000000000,,"M3.5 V",3028.00,0.270000,2014
"7 CMa c","7 CMa",19.81010000,13.90000000,276.51210000,996.00000000000,,"K1III(+M)",4826.00,1.340000,2019
"BD+55 362 b","BD+55 362",52.56970000,14.00000000,228.83645304,265.59000000000,,"K3",5012.00,0.909000,2021
"HD 124330 b","HD 124330",60.19770000,14.00000000,238.37130525,270.66000000000,,"G4 IV",5873.00,1.150000,2021
"HD 213472 b","HD 213472",64.45270000,13.10000000,1112.39942450,17000.00000000000,,,5729.54,1.048132,2021
"HD 26161 b","HD 26161",40.91280000,11.90000000,9045.39646322,10942.29013000000,,,6057.62,1.120000,2021
"GJ 229 A c","GJ 229",5.75624000,2.87000000,8.58136699,121.93268000000,,"M1.5V",3564.00,0.509000,2020
"GJ 720 A b","GJ 720 A",15.55750000,3.77000000,13.64000000,19.46600000000,401.00,"M0.5 V",3837.00,0.570000,2021
"HD 80869 b","HD 80869",85.39510000,12.80000000,1609.80088146,1752.92067000000,203.20,"G5",5837.00,1.060000,2021
"TIC 393818343 b","TIC 393818343",93.73450000,12.18416202,1379.37528638,16.24921000000,805.50,"G0",5756.00,1.082000,2024
"HD 164922 d","HD 164922",22.00160000,1.83000000,4.00000000,12.45800000000,,"G9 V",5390.00,0.926000,2020
"GJ 338 B b","GJ 338 B",6.33256000,3.25000000,10.60000000,24.42200000000,391.00,"M0 V",4014.00,0.640000,2020
"K2-133 b","K2-133",75.17030000,1.34000000,2.36000000,3.07133000000,,"M1.5 V",3655.00,0.461000,2017
"TOI-1080 b","TOI-1080",25.55900000,1.20000000,10.70000000,3.96524820000,368.00,"M4.0&plusmn;1.0 V",3065.00,0.166700,2026
"BD-11 4672 c","BD-11 4672",27.16650000,4.04000000,15.37000000,74.20000000000,,"K7V",4550.00,0.651000,2020
"K2-315 b","K2-315",56.96860000,0.95000000,0.80900000,3.14431890000,460.00,"M(3.5+/-0.5) V",3300.00,0.174000,2020
"TOI-561 b","TOI-561",85.79900000,1.39700000,2.02000000,0.44656970000,2319.00,"G9 V",5342.00,0.806000,2020
"HIP 4845 b","HIP 4845",21.09740000,3.89000000,14.40000000,34.15000000000,,"K7V",4010.00,0.620000,2020
"TOI-784 b","HD 307842",64.59970000,1.93000000,9.67000000,2.79703650000,1256.00,"G",5558.00,0.910000,2023
"TOI-1450 A b","TOI-1450 A",22.44670000,1.13000000,1.25800000,2.04392740000,722.00,"M3.0 V",3437.00,0.480000,2024
"Wolf 503 b","Wolf 503",44.52600000,2.04300000,6.26000000,6.00127000000,790.00,"K3.5 V",4716.00,0.688000,2018
"G 9-40 b","G 9-40",27.92760000,1.90000000,4.00000000,5.74599820000,440.60,"M2.5 V",3395.00,0.295200,2019
"HIP 18606 b","HIP 18606",47.02880000,14.00000000,244.72787339,674.94000000000,,"K0/1 III",4860.00,1.210000,2025
"HD 86065 b","HD 86065",40.36610000,12.50000000,2877.30056857,25775.78859000000,,,4927.56,0.810000,2022
"HD 115404 A c","HD 115404 A",10.98160000,12.50000000,3279.67133183,15319.22517000000,,"K2V",5019.17,0.830000,2022
"Kepler-408 b","Kepler-408",88.78320000,0.82000000,5.00000000,2.46502000000,1561.00,,6104.00,1.080000,2014
"GJ 143 b","GJ 143",16.32000000,2.61000000,22.70000000,35.61253000000,422.00,"K4.5",4640.00,0.730000,2019
"GJ 1002 b","GJ 1002",4.84867000,1.03000000,1.08000000,10.34650000000,230.90,"M5.5 V",3024.00,0.120000,2022
"HD 5278 c","HD 5278",57.58460000,4.49000000,18.40000000,40.87000000000,,"F V",6203.00,1.126000,2021
"PZ Tel b","PZ Tel",47.06480000,11.90000000,8581.36698900,44000.00000000000,,"G9 IV",5169.00,1.360000,2023
"GJ 1151 c","GJ 1151",8.03625000,3.25000000,10.62000000,389.70000000000,,"M 4.5V",3280.00,0.163900,2023
"HIP 99770 b","HIP 99770",40.07650000,12.20000000,5117.03735270,18600.00000000000,,"A5-A6",8000.00,1.850000,2023
"HD 167677 b","HD 167677",54.32580000,13.20000000,905.81095995,1820.00000000000,,"G5 V",5474.00,0.960000,2023
"HD 94771 b","HD 94771",57.78070000,14.20000000,169.00000000,2164.00000000000,,"G3/G5 V",5631.00,1.200000,2023
"51 Eri b","51 Eri",29.75750000,,3464.32963630,9100.00000000000,807.00,"F0 IV",7422.00,1.750000,2015
"HD 135625 b","HD 135625",56.51800000,13.30000000,731.00533610,4055.00000000000,,"G3 IV/V",6040.64,1.280000,2023
"HD 185283 b","HD 185283",31.39500000,13.60000000,413.17692910,4060.00000000000,,"K3 V",4848.00,0.800000,2023
"TOI-5789 d","TOI-5789",20.45810000,1.91000000,4.29000000,29.65000000000,545.00,"K1 V",5185.00,0.821000,2026
"HD 109988 b","HD 109988",42.52790000,12.10000000,6935.33366915,17132.15854000000,,,5185.97,0.880000,2022
"HD 11112 b","HD 11112",44.38040000,12.60000000,2598.56505563,17244.90764000000,,,5905.64,1.070000,2022
"HD 11505 b","HD 11505",38.96790000,12.60000000,2510.52658689,32669.22247000000,,,5757.15,1.030000,2022
"HD 122562 c","HD 122562",53.25280000,10.10000000,73.10053361,84.96276000000,,,4956.00,1.241000,2022
"HD 135872 b","HD 135872",82.42510000,12.80000000,1744.56012602,2422.32597000000,,,4992.00,1.646000,2022
"HD 113337 c","HD 113337",36.18000000,12.10000000,6299.67685515,5429.93477000000,,"F6 V",6774.00,1.410000,2020
"HD 151450 c","HD 151450",43.60020000,12.80000000,1636.18063924,18144.76236000000,,,6091.98,1.140000,2022
"HD 188641 b","HD 188641",64.33990000,11.90000000,9333.03117155,14583.81038000000,,,5897.32,1.070000,2022
"HD 13724 c","HD 13724",43.46500000,8.18000000,50.85254512,142.22895000000,,,5835.31,1.004000,2022
"GJ 887 d","GJ 887",3.28679000,2.34000000,6.10000000,50.77000000000,241.00,"M1 V",3688.00,0.495000,2026
"HD 164604 c","HD 164604",39.36330000,12.50000000,3019.36986650,5387.00000000000,,"K3.5 V",4663.00,0.770000,2026
"HD 205158 b","HD 205158",86.61590000,13.90000000,124.58873554,25.33798000000,,,6133.55,1.160000,2022
"TOI-4336 A c","TOI-4336 A",22.54550000,1.25100000,1.55000000,7.58726600000,399.50,"M3.5 V",3307.00,0.306000,2026
"HD 28185 b","HD 28185",39.38090000,12.80000000,1859.29618095,385.92000000000,,"G5",5602.00,0.974000,2001
"WISEP J121756.91+162640.2 A b","WISEP J121756.91+162640.2 A",10.10000000,10.46800000,6992.00000000,,450.00,"T8.5",575.00,0.029000,2012
"K2-72 b","K2-72",66.43210000,1.08000000,1.28000000,5.57721200000,,,3360.47,0.271365,2016
"K2-72 d","K2-72",66.43210000,1.01000000,1.01000000,7.76017800000,,,3360.47,0.271365,2016
"K2-65 b","K2-65",72.20000000,1.58000000,3.12000000,12.64750000000,,,5213.00,0.870000,2016
"Kepler-42 d","Kepler-42",40.05950000,0.57000000,0.35778500,1.86516900000,450.00,"M",3068.00,0.130000,2011
"CD-35 2722 b","CD-35 2722",22.38960000,17.37392009,9375.93800650,,1800.00,"M1 V",3689.00,0.400000,2011
"HD 86226 b","HD 86226",45.68300000,14.30000000,143.02350000,1628.00000000000,176.00,"G1 V",5863.00,1.019000,2009
"HD 22946 d","HD 22946",62.77920000,2.60700000,26.57000000,47.42489000000,546.00,"F7/F8V",6169.00,1.098000,2023
"GJ 411 b","GJ 411",5.67577300,1.45000000,2.69000000,12.93940000000,349.83,"M1.5 V",3719.00,0.389900,2019
"TOI-1774.01","TOI-1774",53.97400000,2.78000000,8.50000000,16.70988000000,824.00,,5746.00,0.991000,2021
"HD 136352 c","HD 136352",14.68200000,2.91600000,11.24000000,27.59221000000,677.00,"G4 V",5664.00,0.870000,2019
"HD 192310 b","HD 192310",8.79687000,4.27000000,16.90000000,74.72000000000,355.00,"K3V",5166.00,0.800000,2011
"HD 176986 b","HD 176986",27.78430000,,1487.75477317,6.49164000000,767.00,"K2.5 V",4931.00,0.789000,2017
"TOI-4336 A b","TOI-4336 A",22.54550000,2.13700000,3.33000000,16.33635100000,309.40,"M3.5 V",3307.00,0.306000,2024
"TOI-4342 c","TOI-4342",61.52040000,2.34900000,4.80000000,10.68866200000,514.00,"M0 V",3866.00,0.587000,2023
"TOI-411 b","HD 22946",62.77920000,1.36200000,13.71000000,4.04029500000,1241.00,"F7/F8V",6169.00,1.098000,2022
"HD 28185 c","HD 28185",39.38090000,12.80000000,1906.97044200,9090.00000000000,,"G5",5602.00,0.974000,2022
"HD 39194 b","HD 39194",26.41310000,1.99000000,4.62000000,5.63692000000,,"K0 V",5205.00,0.860000,2021
"HD 181433 c","HD 181433",26.87620000,,2207.00045821,1018.50000000000,,"K3 IV",4918.00,0.860000,2008
"HD 164604 b","HD 164604",39.36330000,12.30000000,4195.33497240,653.90000000000,,"K3.5 V",4663.00,0.770000,2009
"TOI-2267 b","TOI-2267 A",22.55000000,1.00000000,0.97200000,2.28909000000,424.00,"M5 V",3030.00,0.171000,2025
"LHS 1903 b","LHS 1903",35.69170000,1.38200000,3.28000000,2.15550980000,796.00,"M",3664.00,0.538000,2026
"TOI-2411 b","TOI-2411",59.53620000,1.68000000,3.46000000,0.78269420000,1355.00,,4099.00,0.650000,2022
"LTT 3780 b","LTT 3780",21.98140000,1.32500000,2.46000000,0.76837931000,903.00,"M3.5 V",3358.00,0.381000,2020
"LTT 3780 c","LTT 3780",21.98140000,2.39000000,8.04000000,12.25228400000,359.00,"M3.5 V",3358.00,0.381000,2020
